County Name,Organization Code,Organization Name,All Students Final Grad Base,All Students Graduates Total,All Students Graduation Rate,All Students Completers Total,All Students Completion Rate,Female Final Grad Base,Females Graduates Total,Female Graduation Rate,Female Completers Total,Female Completion Rate,Male Final Grad Base, Male Graduates Total,Male Graduation Rate,Male Completers Total,Male Completion Rate,American Indian or Alaska Native Final Grad Base,American Indian or Alaska Native Graduates,American Indian or Alaska Native Graduation Rate,American Indian or Alaska Native Completers Total,American Indian or Alaska Native Completion Rate,American Indian or Alaska Native Female Final Grad Base,American Indian or Alaska Native Female Graduates,American Indian or Alaska Native Female Native Graduation Rate,American Indian or Alaska Native Female Completers Total,American Indian or Alaska Native Female Completion Rate,American Indian or Alaska Native Male Final Grad Base,American Indian or Alaska Native Male Graduates,American Indian or Alaska Native Male Graduation Rate,American Indian or Alaska Native Male Completers Total,American Indian or Alaska Native Male Completion Rate,Asian Final Grad Base,Asian Graduates,Asian Graduation Rate,Asian Completers Total,Asian Completion Rate,Asian Female Final Grad Base,Asian Female Graduates,Asian Female Graduation Rate,Asian Female Completers Total,Asian Female Completion Rate,Asian Male Final Grad Base,Asian Male Graduates,Asian Male Graduation Rate,Asian Male Completers Total,Asian Male Completion Rate,Black or African American Final Grad Base,Black or African American Graduates,Black or African American Graduation Rate,Black or African American Completers Total,Black or African American Completion Rate,Black or African American Female Final Grad Base,Black or African American Female Graduates,Black or African American Female Graduation Rate,Black or African American Female Completers Total,Black or African American Female Completion Rate,Black or African American Male Final Grad Base,Black or African American Male Graduates,Black or African American Male Graduation Rate,Black or African American Male Completers Total,Black or African American Male Completion Rate,Hispanic or Latino Final Grad Base,Hispanic or Latino Graduates,Hispanic or Latino Graduation Rate,Hispanic or Latino Completers Total,Hispanic or Latino Completion Rate,Hispanic or Latino Female Final Grad Base,Hispanic or Latino Female Graduates,Hispanic or Latino Female Graduation Rate,Hispanic or Latino Female Completers Total,Hispanic or Latino Female Completion Rate,Hispanic or Latino Male Final Grad Base,Hispanic or Latino Male Graduates,Hispanic or Latino Male Graduation Rate,Hispanic or Latino Male Completers Total,Hispanic or Latino Male Completion Rate,White Final Grad Base,White Graduates,White Graduation Rate,White Completers Total,White Completion Rate,White Female Final Grad Base,White Female Graduates,White Female Graduation Rate,White Female Completers Total,White Female Completion Rate,White Male Final Grad Base,White Male Graduates,White Male Graduation Rate,White Male Completers Total,White Male Completion Rate,Native Hawaiian or Other Pacific Islander Grad Base,Native Hawaiian or Other Pacific Islander Graduates,Native Hawaiian or Other Pacific Islander Graduation Rate,Native Hawaiian or Other Pacific Islander Completers Total,Native Hawaiian or Other Pacific Islander Completion Rate,Native Hawaiian or Other Pacific Islander Female Grad Base,Native Hawaiian or Other Pacific Islander Female Graduates,Native Hawaiian or Other Pacific Islander Female Graduation Rate,Native Hawaiian or Other Pacific Islander Female Completers Total,Native Hawaiian or Other Pacific Islander Female Completion Rate,Native Hawaiian or Other Pacific Islander Male Grad Base,Native Hawaiian or Other Pacific Islander Male Graduates,Native Hawaiian or Other Pacific Islander Male Graduation Rate,Native Hawaiian or Other Pacific Islander Male Completers Total,Native Hawaiian or Other Pacific Islander Male Completion Rate,Two or More Races Final Grad Base,Two or More Races Graduates,Two or More Races Graduation Rate,Two or More Races Completers Total,Two or More Races Completion Rate,Two or More Races Female Final Grad Base,Two or More Races Female Graduates,Two or More Races Female Graduation Rate,Two or More Races Female Completers Total,Two or More Races Female Completion Rate,Two or More Races Male Final Grad Base,Two or More Races Male Graduates,Two or More Races Male Graduation Rate,Two or More Races Male Completers Total,Two or More Races Male Completion Rate
ADAMS,0010,MAPLETON 1,577,276,47.8%,291,50.4%,291,162,55.7%,172,59.1%,286,114,39.9%,119,41.6%,6,4,66.7%,4,66.7%,4,4,100.0%,4,100.0%,2,0,0.0%,0,0.0%,7,3,42.9%,3,42.9%,4,2,50.0%,2,50.0%,3,1,33.3%,1,33.3%,9,8,88.9%,8,88.9%,6,6,100.0%,6,100.0%,3,2,66.7%,2,66.7%,363,151,41.6%,158,43.5%,175,87,49.7%,92,52.6%,188,64,34.0%,66,35.1%,182,103,56.6%,109,59.9%,97,60,61.9%,63,64.9%,85,43,50.6%,46,54.1%,1,0,0.0%,1,100.0%,1,0,0.0%,1,100.0%,0,0,0.0%,0,0.0%,9,7,77.8%,8,88.9%,4,3,75.0%,4,100.0%,5,4,80.0%,4,80.0%
ADAMS,0020,ADAMS 12 FIVE STAR SCHOOLS,"2,974","2,192",73.7%,"2,266",76.2%,"1,479","1,124",76.0%,"1,155",78.1%,"1,495","1,068",71.4%,"1,111",74.3%,28,18,64.3%,19,67.9%,15,9,60.0%,9,60.0%,13,9,69.2%,10,76.9%,164,151,92.1%,153,93.3%,77,72,93.5%,74,96.1%,87,79,90.8%,79,90.8%,73,49,67.1%,54,74.0%,35,24,68.6%,26,74.3%,38,25,65.8%,28,73.7%,953,667,70.0%,682,71.6%,470,341,72.6%,347,73.8%,483,326,67.5%,335,69.4%,"1,729","1,289",74.6%,"1,338",77.4%,866,665,76.8%,686,79.2%,863,624,72.3%,652,75.6%,3,1,33.3%,1,33.3%,3,1,33.3%,1,33.3%,0,0,0.0%,0,0.0%,24,17,70.8%,19,79.2%,13,12,92.3%,12,92.3%,11,5,45.5%,7,63.6%
ADAMS,0030,ADAMS COUNTY 14,524,311,59.4%,319,60.9%,263,169,64.3%,172,65.4%,261,142,54.4%,147,56.3%,5,4,80.0%,4,80.0%,2,2,100.0%,2,100.0%,3,2,66.7%,2,66.7%,0,0,0.0%,0,0.0%,0,0,0.0%,0,0.0%,0,0,0.0%,0,0.0%,8,5,62.5%,5,62.5%,0,0,0.0%,0,0.0%,8,5,62.5%,5,62.5%,441,267,60.5%,272,61.7%,231,147,63.6%,150,64.9%,210,120,57.1%,122,58.1%,70,35,50.0%,38,54.3%,30,20,66.7%,20,66.7%,40,15,37.5%,18,45.0%,0,0,0.0%,0,0.0%,0,0,0.0%,0,0.0%,0,0,0.0%,0,0.0%,0,0,0.0%,0,0.0%,0,0,0.0%,0,0.0%,0,0,0.0%,0,0.0%
ADAMS,0040,SCHOOL DISTRICT 27J,952,754,79.2%,779,81.8%,466,401,86.1%,408,87.6%,486,353,72.6%,371,76.3%,4,2,50.0%,2,50.0%,0,0,0.0%,0,0.0%,4,2,50.0%,2,50.0%,38,35,92.1%,36,94.7%,17,17,100.0%,17,100.0%,21,18,85.7%,19,90.5%,25,20,80.0%,21,84.0%,16,14,87.5%,14,87.5%,9,6,66.7%,7,77.8%,400,291,72.8%,305,76.3%,194,154,79.4%,158,81.4%,206,137,66.5%,147,71.4%,466,391,83.9%,400,85.8%,229,207,90.4%,210,91.7%,237,184,77.6%,190,80.2%,5,3,60.0%,3,60.0%,2,2,100.0%,2,100.0%,3,1,33.3%,1,33.3%,14,12,85.7%,12,85.7%,8,7,87.5%,7,87.5%,6,5,83.3%,5,83.3%
ADAMS,0050,BENNETT 29J,70,59,84.3%,59,84.3%,34,30,88.2%,30,88.2%,36,29,80.6%,29,80.6%,0,0,0.0%,0,0.0%,0,0,0.0%,0,0.0%,0,0,0.0%,0,0.0%,0,0,0.0%,0,0.0%,0,0,0.0%,0,0.0%,0,0,0.0%,0,0.0%,1,1,100.0%,1,100.0%,0,0,0.0%,0,0.0%,1,1,100.0%,1,100.0%,9,9,100.0%,9,100.0%,7,7,100.0%,7,100.0%,2,2,100.0%,2,100.0%,58,48,82.8%,48,82.8%,25,22,88.0%,22,88.0%,33,26,78.8%,26,78.8%,0,0,0.0%,0,0.0%,0,0,0.0%,0,0.0%,0,0,0.0%,0,0.0%,2,1,50.0%,1,50.0%,2,1,50.0%,1,50.0%,0,0,0.0%,0,0.0%
ADAMS,0060,STRASBURG 31J,65,53,81.5%,54,83.1%,31,26,83.9%,26,83.9%,34,27,79.4%,28,82.4%,0,0,0.0%,0,0.0%,0,0,0.0%,0,0.0%,0,0,0.0%,0,0.0%,2,2,100.0%,2,100.0%,1,1,100.0%,1,100.0%,1,1,100.0%,1,100.0%,1,1,100.0%,1,100.0%,0,0,0.0%,0,0.0%,1,1,100.0%,1,100.0%,8,7,87.5%,7,87.5%,4,3,75.0%,3,75.0%,4,4,100.0%,4,100.0%,54,43,79.6%,44,81.5%,26,22,84.6%,22,84.6%,28,21,75.0%,22,78.6%,0,0,0.0%,0,0.0%,0,0,0.0%,0,0.0%,0,0,0.0%,0,0.0%,0,0,0.0%,0,0.0%,0,0,0.0%,0,0.0%,0,0,0.0%,0,0.0%
ADAMS,0070,WESTMINSTER 50,616,394,64.0%,402,65.3%,308,219,71.1%,225,73.1%,308,175,56.8%,177,57.5%,4,1,25.0%,1,25.0%,2,0,0.0%,0,0.0%,2,1,50.0%,1,50.0%,46,38,82.6%,38,82.6%,26,24,92.3%,24,92.3%,20,14,70.0%,14,70.0%,12,6,50.0%,6,50.0%,3,1,33.3%,1,33.3%,9,5,55.6%,5,55.6%,413,259,62.7%,263,63.7%,212,151,71.2%,154,72.6%,201,108,53.7%,109,54.2%,131,84,64.1%,88,67.2%,58,40,69.0%,43,74.1%,73,44,60.3%,45,61.6%,2,1,50.0%,1,50.0%,1,0,0.0%,0,0.0%,1,1,100.0%,1,100.0%,8,5,62.5%,5,62.5%,6,3,50.0%,3,50.0%,2,2,100.0%,2,100.0%
ALAMOSA,0100,ALAMOSA RE-11J,139,113,81.3%,119,85.6%,61,51,83.6%,54,88.5%,78,62,79.5%,65,83.3%,0,0,0.0%,0,0.0%,0,0,0.0%,0,0.0%,0,0,0.0%,0,0.0%,4,4,100.0%,4,100.0%,1,1,100.0%,1,100.0%,3,3,100.0%,3,100.0%,0,0,0.0%,0,0.0%,0,0,0.0%,0,0.0%,0,0,0.0%,0,0.0%,67,53,79.1%,56,83.6%,28,23,82.1%,24,85.7%,39,30,76.9%,32,82.1%,68,56,82.4%,59,86.8%,32,27,84.4%,29,90.6%,36,29,80.6%,30,83.3%,0,0,0.0%,0,0.0%,0,0,0.0%,0,0.0%,0,0,0.0%,0,0.0%,0,0,0.0%,0,0.0%,0,0,0.0%,0,0.0%,0,0,0.0%,0,0.0%
ALAMOSA,0110,SANGRE DE CRISTO RE-22J,21,20,95.2%,20,95.2%,11,10,90.9%,10,90.9%,10,10,100.0%,10,100.0%,0,0,0.0%,0,0.0%,0,0,0.0%,0,0.0%,0,0,0.0%,0,0.0%,0,0,0.0%,0,0.0%,0,0,0.0%,0,0.0%,0,0,0.0%,0,0.0%,0,0,0.0%,0,0.0%,0,0,0.0%,0,0.0%,0,0,0.0%,0,0.0%,4,4,100.0%,4,100.0%,2,2,100.0%,2,100.0%,2,2,100.0%,2,100.0%,15,14,93.3%,14,93.3%,9,8,88.9%,8,88.9%,6,6,100.0%,6,100.0%,2,2,100.0%,2,100.0%,0,0,0.0%,0,0.0%,2,2,100.0%,2,100.0%,0,0,0.0%,0,0.0%,0,0,0.0%,0,0.0%,0,0,0.0%,0,0.0%
ARAPAHOE,0120,ENGLEWOOD 1,300,165,55.0%,180,60.0%,145,92,63.4%,98,67.6%,155,73,47.1%,82,52.9%,3,2,66.7%,2,66.7%,0,0,0.0%,0,0.0%,3,2,66.7%,2,66.7%,3,2,66.7%,2,66.7%,2,2,100.0%,2,100.0%,1,0,0.0%,0,0.0%,12,3,25.0%,4,33.3%,4,2,50.0%,2,50.0%,8,1,12.5%,2,25.0%,89,40,44.9%,43,48.3%,40,21,52.5%,21,52.5%,49,19,38.8%,22,44.9%,188,117,62.2%,128,68.1%,97,66,68.0%,72,74.2%,91,51,56.0%,56,61.5%,0,0,0.0%,0,0.0%,0,0,0.0%,0,0.0%,0,0,0.0%,0,0.0%,5,1,20.0%,1,20.0%,2,1,50.0%,1,50.0%,3,0,0.0%,0,0.0%
ARAPAHOE,0123,SHERIDAN 2,112,45,40.2%,45,40.2%,56,24,42.9%,24,42.9%,56,21,37.5%,21,37.5%,2,2,100.0%,2,100.0%,2,2,100.0%,2,100.0%,0,0,0.0%,0,0.0%,5,3,60.0%,3,60.0%,1,1,100.0%,1,100.0%,4,2,50.0%,2,50.0%,10,6,60.0%,6,60.0%,2,2,100.0%,2,100.0%,8,4,50.0%,4,50.0%,76,27,35.5%,27,35.5%,42,15,35.7%,15,35.7%,34,12,35.3%,12,35.3%,18,6,33.3%,6,33.3%,8,3,37.5%,3,37.5%,10,3,30.0%,3,30.0%,0,0,0.0%,0,0.0%,0,0,0.0%,0,0.0%,0,0,0.0%,0,0.0%,1,1,100.0%,1,100.0%,1,1,100.0%,1,100.0%,0,0,0.0%,0,0.0%
ARAPAHOE,0130,CHERRY CREEK 5,"3,799","3,320",87.4%,"3,379",88.9%,"1,839","1,698",92.3%,"1,719",93.5%,"1,960","1,622",82.8%,"1,660",84.7%,23,20,87.0%,20,87.0%,14,12,85.7%,12,85.7%,9,8,88.9%,8,88.9%,294,278,94.6%,278,94.6%,148,141,95.3%,141,95.3%,146,137,93.8%,137,93.8%,542,460,84.9%,464,85.6%,252,230,91.3%,232,92.1%,290,230,79.3%,232,80.0%,603,495,82.1%,502,83.3%,283,247,87.3%,250,88.3%,320,248,77.5%,252,78.8%,"2,204","1,950",88.5%,"1,995",90.5%,"1,083","1,012",93.4%,"1,027",94.8%,"1,121",938,83.7%,968,86.4%,13,12,92.3%,12,92.3%,11,11,100.0%,11,100.0%,2,1,50.0%,1,50.0%,120,105,87.5%,108,90.0%,48,45,93.8%,46,95.8%,72,60,83.3%,62,86.1%
ARAPAHOE,0140,LITTLETON 6,"1,362","1,255",92.1%,"1,273",93.5%,678,637,94.0%,642,94.7%,684,618,90.4%,631,92.3%,8,7,87.5%,7,87.5%,2,2,100.0%,2,100.0%,6,5,83.3%,5,83.3%,32,30,93.8%,31,96.9%,18,16,88.9%,17,94.4%,14,14,100.0%,14,100.0%,14,14,100.0%,14,100.0%,6,6,100.0%,6,100.0%,8,8,100.0%,8,100.0%,153,129,84.3%,132,86.3%,78,68,87.2%,68,87.2%,75,61,81.3%,64,85.3%,"1,104","1,031",93.4%,"1,045",94.7%,549,523,95.3%,527,96.0%,555,508,91.5%,518,93.3%,1,1,100.0%,1,100.0%,0,0,0.0%,0,0.0%,1,1,100.0%,1,100.0%,50,43,86.0%,43,86.0%,25,22,88.0%,22,88.0%,25,21,84.0%,21,84.0%
ARAPAHOE,0170,DEER TRAIL 26J,16,14,87.5%,14,87.5%,6,5,83.3%,5,83.3%,10,9,90.0%,9,90.0%,0,0,0.0%,0,0.0%,0,0,0.0%,0,0.0%,0,0,0.0%,0,0.0%,0,0,0.0%,0,0.0%,0,0,0.0%,0,0.0%,0,0,0.0%,0,0.0%,0,0,0.0%,0,0.0%,0,0,0.0%,0,0.0%,0,0,0.0%,0,0.0%,2,1,50.0%,1,50.0%,2,1,50.0%,1,50.0%,0,0,0.0%,0,0.0%,14,13,92.9%,13,92.9%,4,4,100.0%,4,100.0%,10,9,90.0%,9,90.0%,0,0,0.0%,0,0.0%,0,0,0.0%,0,0.0%,0,0,0.0%,0,0.0%,0,0,0.0%,0,0.0%,0,0,0.0%,0,0.0%,0,0,0.0%,0,0.0%
ARAPAHOE,0180,ADAMS-ARAPAHOE 28J,"2,550","1,342",52.6%,"1,403",55.0%,"1,259",720,57.2%,744,59.1%,"1,291",622,48.2%,659,51.0%,18,14,77.8%,15,83.3%,8,6,75.0%,6,75.0%,10,8,80.0%,9,90.0%,176,85,48.3%,89,50.6%,84,45,53.6%,46,54.8%,92,40,43.5%,43,46.7%,464,269,58.0%,279,60.1%,235,144,61.3%,150,63.8%,229,125,54.6%,129,56.3%,"1,268",593,46.8%,616,48.6%,628,318,50.6%,327,52.1%,640,275,43.0%,289,45.2%,515,320,62.1%,338,65.6%,252,173,68.7%,180,71.4%,263,147,55.9%,158,60.1%,16,4,25.0%,4,25.0%,7,1,14.3%,1,14.3%,9,3,33.3%,3,33.3%,93,57,61.3%,62,66.7%,45,33,73.3%,34,75.6%,48,24,50.0%,28,58.3%
ARAPAHOE,0190,BYERS 32J,37,35,94.6%,35,94.6%,16,16,100.0%,16,100.0%,21,19,90.5%,19,90.5%,0,0,0.0%,0,0.0%,0,0,0.0%,0,0.0%,0,0,0.0%,0,0.0%,0,0,0.0%,0,0.0%,0,0,0.0%,0,0.0%,0,0,0.0%,0,0.0%,0,0,0.0%,0,0.0%,0,0,0.0%,0,0.0%,0,0,0.0%,0,0.0%,4,3,75.0%,3,75.0%,2,2,100.0%,2,100.0%,2,1,50.0%,1,50.0%,32,31,96.9%,31,96.9%,14,14,100.0%,14,100.0%,18,17,94.4%,17,94.4%,0,0,0.0%,0,0.0%,0,0,0.0%,0,0.0%,0,0,0.0%,0,0.0%,1,1,100.0%,1,100.0%,0,0,0.0%,0,0.0%,1,1,100.0%,1,100.0%
ARCHULETA,0220,ARCHULETA COUNTY 50 JT,114,95,83.3%,98,86.0%,50,45,90.0%,46,92.0%,64,50,78.1%,52,81.3%,1,1,100.0%,1,100.0%,1,1,100.0%,1,100.0%,0,0,0.0%,0,0.0%,0,0,0.0%,0,0.0%,0,0,0.0%,0,0.0%,0,0,0.0%,0,0.0%,2,2,100.0%,2,100.0%,0,0,0.0%,0,0.0%,2,2,100.0%,2,100.0%,25,22,88.0%,22,88.0%,10,10,100.0%,10,100.0%,15,12,80.0%,12,80.0%,86,70,81.4%,73,84.9%,39,34,87.2%,35,89.7%,47,36,76.6%,38,80.9%,0,0,0.0%,0,0.0%,0,0,0.0%,0,0.0%,0,0,0.0%,0,0.0%,0,0,0.0%,0,0.0%,0,0,0.0%,0,0.0%,0,0,0.0%,0,0.0%
BACA,0230,WALSH RE-1,9,9,100.0%,9,100.0%,2,2,100.0%,2,100.0%,7,7,100.0%,7,100.0%,0,0,0.0%,0,0.0%,0,0,0.0%,0,0.0%,0,0,0.0%,0,0.0%,0,0,0.0%,0,0.0%,0,0,0.0%,0,0.0%,0,0,0.0%,0,0.0%,0,0,0.0%,0,0.0%,0,0,0.0%,0,0.0%,0,0,0.0%,0,0.0%,0,0,0.0%,0,0.0%,0,0,0.0%,0,0.0%,0,0,0.0%,0,0.0%,8,8,100.0%,8,100.0%,2,2,100.0%,2,100.0%,6,6,100.0%,6,100.0%,0,0,0.0%,0,0.0%,0,0,0.0%,0,0.0%,0,0,0.0%,0,0.0%,1,1,100.0%,1,100.0%,0,0,0.0%,0,0.0%,1,1,100.0%,1,100.0%
BACA,0240,PRITCHETT RE-3,1,1,100.0%,1,100.0%,0,0,0.0%,0,0.0%,1,1,100.0%,1,100.0%,0,0,0.0%,0,0.0%,0,0,0.0%,0,0.0%,0,0,0.0%,0,0.0%,0,0,0.0%,0,0.0%,0,0,0.0%,0,0.0%,0,0,0.0%,0,0.0%,0,0,0.0%,0,0.0%,0,0,0.0%,0,0.0%,0,0,0.0%,0,0.0%,0,0,0.0%,0,0.0%,0,0,0.0%,0,0.0%,0,0,0.0%,0,0.0%,1,1,100.0%,1,100.0%,0,0,0.0%,0,0.0%,1,1,100.0%,1,100.0%,0,0,0.0%,0,0.0%,0,0,0.0%,0,0.0%,0,0,0.0%,0,0.0%,0,0,0.0%,0,0.0%,0,0,0.0%,0,0.0%,0,0,0.0%,0,0.0%
BACA,0250,SPRINGFIELD RE-4,25,24,96.0%,24,96.0%,10,10,100.0%,10,100.0%,15,14,93.3%,14,93.3%,0,0,0.0%,0,0.0%,0,0,0.0%,0,0.0%,0,0,0.0%,0,0.0%,0,0,0.0%,0,0.0%,0,0,0.0%,0,0.0%,0,0,0.0%,0,0.0%,0,0,0.0%,0,0.0%,0,0,0.0%,0,0.0%,0,0,0.0%,0,0.0%,3,2,66.7%,2,66.7%,1,1,100.0%,1,100.0%,2,1,50.0%,1,50.0%,19,19,100.0%,19,100.0%,7,7,100.0%,7,100.0%,12,12,100.0%,12,100.0%,0,0,0.0%,0,0.0%,0,0,0.0%,0,0.0%,0,0,0.0%,0,0.0%,3,3,100.0%,3,100.0%,2,2,100.0%,2,100.0%,1,1,100.0%,1,100.0%
BACA,0260,VILAS RE-5,42,14,33.3%,19,45.2%,25,9,36.0%,14,56.0%,17,5,29.4%,5,29.4%,3,1,33.3%,1,33.3%,2,0,0.0%,0,0.0%,1,1,100.0%,1,100.0%,0,0,0.0%,0,0.0%,0,0,0.0%,0,0.0%,0,0,0.0%,0,0.0%,1,0,0.0%,0,0.0%,1,0,0.0%,0,0.0%,0,0,0.0%,0,0.0%,16,3,18.8%,5,31.3%,9,3,33.3%,5,55.6%,7,0,0.0%,0,0.0%,22,10,45.5%,13,59.1%,13,6,46.2%,9,69.2%,9,4,44.4%,4,44.4%,0,0,0.0%,0,0.0%,0,0,0.0%,0,0.0%,0,0,0.0%,0,0.0%,0,0,0.0%,0,0.0%,0,0,0.0%,0,0.0%,0,0,0.0%,0,0.0%
BACA,0270,CAMPO RE-6,2,2,100.0%,2,100.0%,0,0,0.0%,0,0.0%,2,2,100.0%,2,100.0%,0,0,0.0%,0,0.0%,0,0,0.0%,0,0.0%,0,0,0.0%,0,0.0%,0,0,0.0%,0,0.0%,0,0,0.0%,0,0.0%,0,0,0.0%,0,0.0%,0,0,0.0%,0,0.0%,0,0,0.0%,0,0.0%,0,0,0.0%,0,0.0%,1,1,100.0%,1,100.0%,0,0,0.0%,0,0.0%,1,1,100.0%,1,100.0%,1,1,100.0%,1,100.0%,0,0,0.0%,0,0.0%,1,1,100.0%,1,100.0%,0,0,0.0%,0,0.0%,0,0,0.0%,0,0.0%,0,0,0.0%,0,0.0%,0,0,0.0%,0,0.0%,0,0,0.0%,0,0.0%,0,0,0.0%,0,0.0%
BENT,0290,LAS ANIMAS RE-1,42,36,85.7%,38,90.5%,17,16,94.1%,16,94.1%,25,20,80.0%,22,88.0%,0,0,0.0%,0,0.0%,0,0,0.0%,0,0.0%,0,0,0.0%,0,0.0%,0,0,0.0%,0,0.0%,0,0,0.0%,0,0.0%,0,0,0.0%,0,0.0%,1,1,100.0%,1,100.0%,1,1,100.0%,1,100.0%,0,0,0.0%,0,0.0%,24,20,83.3%,21,87.5%,10,9,90.0%,9,90.0%,14,11,78.6%,12,85.7%,17,15,88.2%,16,94.1%,6,6,100.0%,6,100.0%,11,9,81.8%,10,90.9%,0,0,0.0%,0,0.0%,0,0,0.0%,0,0.0%,0,0,0.0%,0,0.0%,0,0,0.0%,0,0.0%,0,0,0.0%,0,0.0%,0,0,0.0%,0,0.0%
BENT,0310,MC CLAVE RE-2,16,14,87.5%,16,100.0%,8,7,87.5%,8,100.0%,8,7,87.5%,8,100.0%,0,0,0.0%,0,0.0%,0,0,0.0%,0,0.0%,0,0,0.0%,0,0.0%,0,0,0.0%,0,0.0%,0,0,0.0%,0,0.0%,0,0,0.0%,0,0.0%,0,0,0.0%,0,0.0%,0,0,0.0%,0,0.0%,0,0,0.0%,0,0.0%,5,4,80.0%,5,100.0%,2,2,100.0%,2,100.0%,3,2,66.7%,3,100.0%,11,10,90.9%,11,100.0%,6,5,83.3%,6,100.0%,5,5,100.0%,5,100.0%,0,0,0.0%,0,0.0%,0,0,0.0%,0,0.0%,0,0,0.0%,0,0.0%,0,0,0.0%,0,0.0%,0,0,0.0%,0,0.0%,0,0,0.0%,0,0.0%
BOULDER,0470,ST VRAIN VALLEY RE 1J,"1,781","1,477",82.9%,"1,513",85.0%,894,775,86.7%,786,87.9%,887,702,79.1%,727,82.0%,10,9,90.0%,9,90.0%,7,6,85.7%,6,85.7%,3,3,100.0%,3,100.0%,65,60,92.3%,60,92.3%,32,31,96.9%,31,96.9%,33,29,87.9%,29,87.9%,28,20,71.4%,20,71.4%,10,7,70.0%,7,70.0%,18,13,72.2%,13,72.2%,415,305,73.5%,314,75.7%,201,162,80.6%,164,81.6%,214,143,66.8%,150,70.1%,"1,240","1,064",85.8%,"1,091",88.0%,631,557,88.3%,566,89.7%,609,507,83.3%,525,86.2%,6,6,100.0%,6,100.0%,5,5,100.0%,5,100.0%,1,1,100.0%,1,100.0%,17,13,76.5%,13,76.5%,8,7,87.5%,7,87.5%,9,6,66.7%,6,66.7%
BOULDER,0480,BOULDER VALLEY RE 2,"2,279","2,072",90.9%,"2,121",93.1%,"1,093","1,031",94.3%,"1,042",95.3%,"1,186","1,041",87.8%,"1,079",91.0%,12,10,83.3%,10,83.3%,5,4,80.0%,4,80.0%,7,6,85.7%,6,85.7%,144,141,97.9%,142,98.6%,78,78,100.0%,78,100.0%,66,63,95.5%,64,97.0%,26,16,61.5%,18,69.2%,17,10,58.8%,12,70.6%,9,6,66.7%,6,66.7%,318,248,78.0%,255,80.2%,140,120,85.7%,122,87.1%,178,128,71.9%,133,74.7%,"1,697","1,583",93.3%,"1,619",95.4%,813,782,96.2%,789,97.0%,884,801,90.6%,830,93.9%,1,1,100.0%,1,100.0%,1,1,100.0%,1,100.0%,0,0,0.0%,0,0.0%,81,73,90.1%,76,93.8%,39,36,92.3%,36,92.3%,42,37,88.1%,40,95.2%
CHAFFEE,0490,BUENA VISTA R-31,92,68,73.9%,69,75.0%,46,35,76.1%,36,78.3%,46,33,71.7%,33,71.7%,1,0,0.0%,0,0.0%,0,0,0.0%,0,0.0%,1,0,0.0%,0,0.0%,0,0,0.0%,0,0.0%,0,0,0.0%,0,0.0%,0,0,0.0%,0,0.0%,0,0,0.0%,0,0.0%,0,0,0.0%,0,0.0%,0,0,0.0%,0,0.0%,13,10,76.9%,11,84.6%,9,7,77.8%,8,88.9%,4,3,75.0%,3,75.0%,74,54,73.0%,54,73.0%,35,26,74.3%,26,74.3%,39,28,71.8%,28,71.8%,0,0,0.0%,0,0.0%,0,0,0.0%,0,0.0%,0,0,0.0%,0,0.0%,4,4,100.0%,4,100.0%,2,2,100.0%,2,100.0%,2,2,100.0%,2,100.0%
CHAFFEE,0500,SALIDA R-32,78,70,89.7%,70,89.7%,42,40,95.2%,40,95.2%,36,30,83.3%,30,83.3%,0,0,0.0%,0,0.0%,0,0,0.0%,0,0.0%,0,0,0.0%,0,0.0%,2,2,100.0%,2,100.0%,1,1,100.0%,1,100.0%,1,1,100.0%,1,100.0%,0,0,0.0%,0,0.0%,0,0,0.0%,0,0.0%,0,0,0.0%,0,0.0%,8,8,100.0%,8,100.0%,3,3,100.0%,3,100.0%,5,5,100.0%,5,100.0%,65,57,87.7%,57,87.7%,36,34,94.4%,34,94.4%,29,23,79.3%,23,79.3%,1,1,100.0%,1,100.0%,1,1,100.0%,1,100.0%,0,0,0.0%,0,0.0%,2,2,100.0%,2,100.0%,1,1,100.0%,1,100.0%,1,1,100.0%,1,100.0%
CHEYENNE,0510,KIT CARSON R-1,10,10,100.0%,10,100.0%,5,5,100.0%,5,100.0%,5,5,100.0%,5,100.0%,0,0,0.0%,0,0.0%,0,0,0.0%,0,0.0%,0,0,0.0%,0,0.0%,0,0,0.0%,0,0.0%,0,0,0.0%,0,0.0%,0,0,0.0%,0,0.0%,0,0,0.0%,0,0.0%,0,0,0.0%,0,0.0%,0,0,0.0%,0,0.0%,2,2,100.0%,2,100.0%,1,1,100.0%,1,100.0%,1,1,100.0%,1,100.0%,8,8,100.0%,8,100.0%,4,4,100.0%,4,100.0%,4,4,100.0%,4,100.0%,0,0,0.0%,0,0.0%,0,0,0.0%,0,0.0%,0,0,0.0%,0,0.0%,0,0,0.0%,0,0.0%,0,0,0.0%,0,0.0%,0,0,0.0%,0,0.0%
CHEYENNE,0520,CHEYENNE COUNTY RE-5,17,17,100.0%,17,100.0%,3,3,100.0%,3,100.0%,14,14,100.0%,14,100.0%,0,0,0.0%,0,0.0%,0,0,0.0%,0,0.0%,0,0,0.0%,0,0.0%,0,0,0.0%,0,0.0%,0,0,0.0%,0,0.0%,0,0,0.0%,0,0.0%,0,0,0.0%,0,0.0%,0,0,0.0%,0,0.0%,0,0,0.0%,0,0.0%,4,4,100.0%,4,100.0%,0,0,0.0%,0,0.0%,4,4,100.0%,4,100.0%,13,13,100.0%,13,100.0%,3,3,100.0%,3,100.0%,10,10,100.0%,10,100.0%,0,0,0.0%,0,0.0%,0,0,0.0%,0,0.0%,0,0,0.0%,0,0.0%,0,0,0.0%,0,0.0%,0,0,0.0%,0,0.0%,0,0,0.0%,0,0.0%
CLEAR CREEK,0540,CLEAR CREEK RE-1,58,47,81.0%,49,84.5%,28,24,85.7%,25,89.3%,30,23,76.7%,24,80.0%,0,0,0.0%,0,0.0%,0,0,0.0%,0,0.0%,0,0,0.0%,0,0.0%,0,0,0.0%,0,0.0%,0,0,0.0%,0,0.0%,0,0,0.0%,0,0.0%,1,1,100.0%,1,100.0%,0,0,0.0%,0,0.0%,1,1,100.0%,1,100.0%,5,2,40.0%,2,40.0%,1,0,0.0%,0,0.0%,4,2,50.0%,2,50.0%,51,43,84.3%,45,88.2%,26,23,88.5%,24,92.3%,25,20,80.0%,21,84.0%,0,0,0.0%,0,0.0%,0,0,0.0%,0,0.0%,0,0,0.0%,0,0.0%,1,1,100.0%,1,100.0%,1,1,100.0%,1,100.0%,0,0,0.0%,0,0.0%
CONEJOS,0550,NORTH CONEJOS RE-1J,86,81,94.2%,81,94.2%,43,41,95.3%,41,95.3%,43,40,93.0%,40,93.0%,1,0,0.0%,0,0.0%,1,0,0.0%,0,0.0%,0,0,0.0%,0,0.0%,0,0,0.0%,0,0.0%,0,0,0.0%,0,0.0%,0,0,0.0%,0,0.0%,1,1,100.0%,1,100.0%,0,0,0.0%,0,0.0%,1,1,100.0%,1,100.0%,52,49,94.2%,49,94.2%,26,25,96.2%,25,96.2%,26,24,92.3%,24,92.3%,31,30,96.8%,30,96.8%,16,16,100.0%,16,100.0%,15,14,93.3%,14,93.3%,0,0,0.0%,0,0.0%,0,0,0.0%,0,0.0%,0,0,0.0%,0,0.0%,1,1,100.0%,1,100.0%,0,0,0.0%,0,0.0%,1,1,100.0%,1,100.0%
CONEJOS,0560,SANFORD 6J,15,13,86.7%,13,86.7%,9,9,100.0%,9,100.0%,6,4,66.7%,4,66.7%,0,0,0.0%,0,0.0%,0,0,0.0%,0,0.0%,0,0,0.0%,0,0.0%,0,0,0.0%,0,0.0%,0,0,0.0%,0,0.0%,0,0,0.0%,0,0.0%,0,0,0.0%,0,0.0%,0,0,0.0%,0,0.0%,0,0,0.0%,0,0.0%,7,5,71.4%,5,71.4%,4,4,100.0%,4,100.0%,3,1,33.3%,1,33.3%,7,7,100.0%,7,100.0%,4,4,100.0%,4,100.0%,3,3,100.0%,3,100.0%,0,0,0.0%,0,0.0%,0,0,0.0%,0,0.0%,0,0,0.0%,0,0.0%,1,1,100.0%,1,100.0%,1,1,100.0%,1,100.0%,0,0,0.0%,0,0.0%
CONEJOS,0580,SOUTH CONEJOS RE-10,13,12,92.3%,12,92.3%,4,3,75.0%,3,75.0%,9,9,100.0%,9,100.0%,0,0,0.0%,0,0.0%,0,0,0.0%,0,0.0%,0,0,0.0%,0,0.0%,0,0,0.0%,0,0.0%,0,0,0.0%,0,0.0%,0,0,0.0%,0,0.0%,0,0,0.0%,0,0.0%,0,0,0.0%,0,0.0%,0,0,0.0%,0,0.0%,13,12,92.3%,12,92.3%,4,3,75.0%,3,75.0%,9,9,100.0%,9,100.0%,0,0,0.0%,0,0.0%,0,0,0.0%,0,0.0%,0,0,0.0%,0,0.0%,0,0,0.0%,0,0.0%,0,0,0.0%,0,0.0%,0,0,0.0%,0,0.0%,0,0,0.0%,0,0.0%,0,0,0.0%,0,0.0%,0,0,0.0%,0,0.0%
COSTILLA,0640,CENTENNIAL R-1,22,19,86.4%,19,86.4%,10,9,90.0%,9,90.0%,12,10,83.3%,10,83.3%,1,0,0.0%,0,0.0%,1,0,0.0%,0,0.0%,0,0,0.0%,0,0.0%,0,0,0.0%,0,0.0%,0,0,0.0%,0,0.0%,0,0,0.0%,0,0.0%,0,0,0.0%,0,0.0%,0,0,0.0%,0,0.0%,0,0,0.0%,0,0.0%,21,19,90.5%,19,90.5%,9,9,100.0%,9,100.0%,12,10,83.3%,10,83.3%,0,0,0.0%,0,0.0%,0,0,0.0%,0,0.0%,0,0,0.0%,0,0.0%,0,0,0.0%,0,0.0%,0,0,0.0%,0,0.0%,0,0,0.0%,0,0.0%,0,0,0.0%,0,0.0%,0,0,0.0%,0,0.0%,0,0,0.0%,0,0.0%
COSTILLA,0740,SIERRA GRANDE R-30,20,20,100.0%,20,100.0%,10,10,100.0%,10,100.0%,10,10,100.0%,10,100.0%,0,0,0.0%,0,0.0%,0,0,0.0%,0,0.0%,0,0,0.0%,0,0.0%,2,2,100.0%,2,100.0%,0,0,0.0%,0,0.0%,2,2,100.0%,2,100.0%,0,0,0.0%,0,0.0%,0,0,0.0%,0,0.0%,0,0,0.0%,0,0.0%,17,17,100.0%,17,100.0%,9,9,100.0%,9,100.0%,8,8,100.0%,8,100.0%,0,0,0.0%,0,0.0%,0,0,0.0%,0,0.0%,0,0,0.0%,0,0.0%,0,0,0.0%,0,0.0%,0,0,0.0%,0,0.0%,0,0,0.0%,0,0.0%,1,1,100.0%,1,100.0%,1,1,100.0%,1,100.0%,0,0,0.0%,0,0.0%
CROWLEY,0770,CROWLEY COUNTY RE-1-J,34,30,88.2%,31,91.2%,15,15,100.0%,15,100.0%,19,15,78.9%,16,84.2%,0,0,0.0%,0,0.0%,0,0,0.0%,0,0.0%,0,0,0.0%,0,0.0%,0,0,0.0%,0,0.0%,0,0,0.0%,0,0.0%,0,0,0.0%,0,0.0%,0,0,0.0%,0,0.0%,0,0,0.0%,0,0.0%,0,0,0.0%,0,0.0%,10,9,90.0%,9,90.0%,3,3,100.0%,3,100.0%,7,6,85.7%,6,85.7%,23,20,87.0%,21,91.3%,12,12,100.0%,12,100.0%,11,8,72.7%,9,81.8%,0,0,0.0%,0,0.0%,0,0,0.0%,0,0.0%,0,0,0.0%,0,0.0%,1,1,100.0%,1,100.0%,0,0,0.0%,0,0.0%,1,1,100.0%,1,100.0%
CUSTER,0860,CUSTER COUNTY SCHOOL DISTRICT C-1,36,32,88.9%,33,91.7%,21,17,81.0%,18,85.7%,15,15,100.0%,15,100.0%,0,0,0.0%,0,0.0%,0,0,0.0%,0,0.0%,0,0,0.0%,0,0.0%,1,1,100.0%,1,100.0%,1,1,100.0%,1,100.0%,0,0,0.0%,0,0.0%,0,0,0.0%,0,0.0%,0,0,0.0%,0,0.0%,0,0,0.0%,0,0.0%,3,2,66.7%,2,66.7%,2,1,50.0%,1,50.0%,1,1,100.0%,1,100.0%,31,28,90.3%,29,93.5%,18,15,83.3%,16,88.9%,13,13,100.0%,13,100.0%,0,0,0.0%,0,0.0%,0,0,0.0%,0,0.0%,0,0,0.0%,0,0.0%,1,1,100.0%,1,100.0%,0,0,0.0%,0,0.0%,1,1,100.0%,1,100.0%
DELTA,0870,DELTA COUNTY 50(J),412,346,84.0%,351,85.2%,201,172,85.6%,174,86.6%,211,174,82.5%,177,83.9%,6,4,66.7%,4,66.7%,5,3,60.0%,3,60.0%,1,1,100.0%,1,100.0%,14,6,42.9%,6,42.9%,6,5,83.3%,5,83.3%,8,1,12.5%,1,12.5%,0,0,0.0%,0,0.0%,0,0,0.0%,0,0.0%,0,0,0.0%,0,0.0%,77,58,75.3%,59,76.6%,38,31,81.6%,31,81.6%,39,27,69.2%,28,71.8%,307,271,88.3%,275,89.6%,146,128,87.7%,130,89.0%,161,143,88.8%,145,90.1%,0,0,0.0%,0,0.0%,0,0,0.0%,0,0.0%,0,0,0.0%,0,0.0%,8,7,87.5%,7,87.5%,6,5,83.3%,5,83.3%,2,2,100.0%,2,100.0%
DENVER,0880,DENVER COUNTY 1,"4,778","2,928",61.3%,"3,119",65.3%,"2,316","1,557",67.2%,"1,626",70.2%,"2,462","1,371",55.7%,"1,493",60.6%,45,26,57.8%,26,57.8%,28,18,64.3%,18,64.3%,17,8,47.1%,8,47.1%,159,125,78.6%,127,79.9%,79,69,87.3%,69,87.3%,80,56,70.0%,58,72.5%,831,534,64.3%,561,67.5%,437,303,69.3%,319,73.0%,394,231,58.6%,242,61.4%,"2,642","1,464",55.4%,"1,562",59.1%,"1,248",761,61.0%,795,63.7%,"1,394",703,50.4%,767,55.0%,944,671,71.1%,728,77.1%,444,345,77.7%,363,81.8%,500,326,65.2%,365,73.0%,15,10,66.7%,11,73.3%,8,6,75.0%,6,75.0%,7,4,57.1%,5,71.4%,142,98,69.0%,104,73.2%,72,55,76.4%,56,77.8%,70,43,61.4%,48,68.6%
DOLORES,0890,DOLORES COUNTY RE NO.2,15,13,86.7%,13,86.7%,5,5,100.0%,5,100.0%,10,8,80.0%,8,80.0%,1,1,100.0%,1,100.0%,1,1,100.0%,1,100.0%,0,0,0.0%,0,0.0%,0,0,0.0%,0,0.0%,0,0,0.0%,0,0.0%,0,0,0.0%,0,0.0%,1,1,100.0%,1,100.0%,0,0,0.0%,0,0.0%,1,1,100.0%,1,100.0%,0,0,0.0%,0,0.0%,0,0,0.0%,0,0.0%,0,0,0.0%,0,0.0%,12,10,83.3%,10,83.3%,4,4,100.0%,4,100.0%,8,6,75.0%,6,75.0%,0,0,0.0%,0,0.0%,0,0,0.0%,0,0.0%,0,0,0.0%,0,0.0%,1,1,100.0%,1,100.0%,0,0,0.0%,0,0.0%,1,1,100.0%,1,100.0%
DOUGLAS,0900,DOUGLAS COUNTY RE 1,"4,308","3,825",88.8%,"3,909",90.7%,"2,087","1,919",92.0%,"1,948",93.3%,"2,221","1,906",85.8%,"1,961",88.3%,25,20,80.0%,22,88.0%,13,11,84.6%,11,84.6%,12,9,75.0%,11,91.7%,159,150,94.3%,150,94.3%,91,88,96.7%,88,96.7%,68,62,91.2%,62,91.2%,77,57,74.0%,58,75.3%,30,25,83.3%,25,83.3%,47,32,68.1%,33,70.2%,563,431,76.6%,448,79.6%,273,219,80.2%,226,82.8%,290,212,73.1%,222,76.6%,"3,318","3,017",90.9%,"3,077",92.7%,"1,600","1,500",93.8%,"1,520",95.0%,"1,718","1,517",88.3%,"1,557",90.6%,5,4,80.0%,4,80.0%,1,1,100.0%,1,100.0%,4,3,75.0%,3,75.0%,161,146,90.7%,150,93.2%,79,75,94.9%,77,97.5%,82,71,86.6%,73,89.0%
EAGLE,0910,EAGLE COUNTY RE 50,446,321,72.0%,331,74.2%,212,157,74.1%,162,76.4%,234,164,70.1%,169,72.2%,6,5,83.3%,5,83.3%,2,2,100.0%,2,100.0%,4,3,75.0%,3,75.0%,2,2,100.0%,2,100.0%,0,0,0.0%,0,0.0%,2,2,100.0%,2,100.0%,2,1,50.0%,2,100.0%,1,1,100.0%,1,100.0%,1,0,0.0%,1,100.0%,235,142,60.4%,142,60.4%,110,70,63.6%,70,63.6%,125,72,57.6%,72,57.6%,194,164,84.5%,173,89.2%,96,81,84.4%,86,89.6%,98,83,84.7%,87,88.8%,1,1,100.0%,1,100.0%,0,0,0.0%,0,0.0%,1,1,100.0%,1,100.0%,6,6,100.0%,6,100.0%,3,3,100.0%,3,100.0%,3,3,100.0%,3,100.0%
ELBERT,0920,ELIZABETH C-1,208,180,86.5%,184,88.5%,101,93,92.1%,94,93.1%,107,87,81.3%,90,84.1%,5,5,100.0%,5,100.0%,3,3,100.0%,3,100.0%,2,2,100.0%,2,100.0%,6,3,50.0%,3,50.0%,2,1,50.0%,1,50.0%,4,2,50.0%,2,50.0%,2,2,100.0%,2,100.0%,0,0,0.0%,0,0.0%,2,2,100.0%,2,100.0%,14,13,92.9%,13,92.9%,7,6,85.7%,6,85.7%,7,7,100.0%,7,100.0%,176,153,86.9%,157,89.2%,87,81,93.1%,82,94.3%,89,72,80.9%,75,84.3%,0,0,0.0%,0,0.0%,0,0,0.0%,0,0.0%,0,0,0.0%,0,0.0%,5,4,80.0%,4,80.0%,2,2,100.0%,2,100.0%,3,2,66.7%,2,66.7%
ELBERT,0930,KIOWA C-2,33,31,93.9%,31,93.9%,12,11,91.7%,11,91.7%,21,20,95.2%,20,95.2%,0,0,0.0%,0,0.0%,0,0,0.0%,0,0.0%,0,0,0.0%,0,0.0%,1,1,100.0%,1,100.0%,1,1,100.0%,1,100.0%,0,0,0.0%,0,0.0%,0,0,0.0%,0,0.0%,0,0,0.0%,0,0.0%,0,0,0.0%,0,0.0%,5,4,80.0%,4,80.0%,2,1,50.0%,1,50.0%,3,3,100.0%,3,100.0%,27,26,96.3%,26,96.3%,9,9,100.0%,9,100.0%,18,17,94.4%,17,94.4%,0,0,0.0%,0,0.0%,0,0,0.0%,0,0.0%,0,0,0.0%,0,0.0%,0,0,0.0%,0,0.0%,0,0,0.0%,0,0.0%,0,0,0.0%,0,0.0%
ELBERT,0940,BIG SANDY 100J,22,18,81.8%,18,81.8%,13,11,84.6%,11,84.6%,9,7,77.8%,7,77.8%,1,1,100.0%,1,100.0%,0,0,0.0%,0,0.0%,1,1,100.0%,1,100.0%,0,0,0.0%,0,0.0%,0,0,0.0%,0,0.0%,0,0,0.0%,0,0.0%,0,0,0.0%,0,0.0%,0,0,0.0%,0,0.0%,0,0,0.0%,0,0.0%,2,2,100.0%,2,100.0%,2,2,100.0%,2,100.0%,0,0,0.0%,0,0.0%,19,15,78.9%,15,78.9%,11,9,81.8%,9,81.8%,8,6,75.0%,6,75.0%,0,0,0.0%,0,0.0%,0,0,0.0%,0,0.0%,0,0,0.0%,0,0.0%,0,0,0.0%,0,0.0%,0,0,0.0%,0,0.0%,0,0,0.0%,0,0.0%
ELBERT,0950,ELBERT 200,18,17,94.4%,18,100.0%,8,7,87.5%,8,100.0%,10,10,100.0%,10,100.0%,0,0,0.0%,0,0.0%,0,0,0.0%,0,0.0%,0,0,0.0%,0,0.0%,1,1,100.0%,1,100.0%,1,1,100.0%,1,100.0%,0,0,0.0%,0,0.0%,1,0,0.0%,1,100.0%,1,0,0.0%,1,100.0%,0,0,0.0%,0,0.0%,0,0,0.0%,0,0.0%,0,0,0.0%,0,0.0%,0,0,0.0%,0,0.0%,15,15,100.0%,15,100.0%,6,6,100.0%,6,100.0%,9,9,100.0%,9,100.0%,0,0,0.0%,0,0.0%,0,0,0.0%,0,0.0%,0,0,0.0%,0,0.0%,1,1,100.0%,1,100.0%,0,0,0.0%,0,0.0%,1,1,100.0%,1,100.0%
ELBERT,0960,AGATE 300,0,0,0.0%,0,0.0%,0,0,0.0%,0,0.0%,0,0,0.0%,0,0.0%,0,0,0.0%,0,0.0%,0,0,0.0%,0,0.0%,0,0,0.0%,0,0.0%,0,0,0.0%,0,0.0%,0,0,0.0%,0,0.0%,0,0,0.0%,0,0.0%,0,0,0.0%,0,0.0%,0,0,0.0%,0,0.0%,0,0,0.0%,0,0.0%,0,0,0.0%,0,0.0%,0,0,0.0%,0,0.0%,0,0,0.0%,0,0.0%,0,0,0.0%,0,0.0%,0,0,0.0%,0,0.0%,0,0,0.0%,0,0.0%,0,0,0.0%,0,0.0%,0,0,0.0%,0,0.0%,0,0,0.0%,0,0.0%,0,0,0.0%,0,0.0%,0,0,0.0%,0,0.0%,0,0,0.0%,0,0.0%
EL PASO,0970,CALHAN RJ-1,44,43,97.7%,43,97.7%,25,24,96.0%,24,96.0%,19,19,100.0%,19,100.0%,0,0,0.0%,0,0.0%,0,0,0.0%,0,0.0%,0,0,0.0%,0,0.0%,2,2,100.0%,2,100.0%,1,1,100.0%,1,100.0%,1,1,100.0%,1,100.0%,2,2,100.0%,2,100.0%,1,1,100.0%,1,100.0%,1,1,100.0%,1,100.0%,4,4,100.0%,4,100.0%,1,1,100.0%,1,100.0%,3,3,100.0%,3,100.0%,35,34,97.1%,34,97.1%,22,21,95.5%,21,95.5%,13,13,100.0%,13,100.0%,0,0,0.0%,0,0.0%,0,0,0.0%,0,0.0%,0,0,0.0%,0,0.0%,1,1,100.0%,1,100.0%,0,0,0.0%,0,0.0%,1,1,100.0%,1,100.0%
EL PASO,0980,HARRISON 2,476,369,77.5%,376,79.0%,234,195,83.3%,198,84.6%,242,174,71.9%,178,73.6%,3,3,100.0%,3,100.0%,1,1,100.0%,1,100.0%,2,2,100.0%,2,100.0%,33,31,93.9%,31,93.9%,21,21,100.0%,21,100.0%,12,10,83.3%,10,83.3%,127,106,83.5%,107,84.3%,62,52,83.9%,52,83.9%,65,54,83.1%,55,84.6%,154,107,69.5%,111,72.1%,66,56,84.8%,58,87.9%,88,51,58.0%,53,60.2%,140,106,75.7%,108,77.1%,74,57,77.0%,58,78.4%,66,49,74.2%,50,75.8%,7,6,85.7%,6,85.7%,3,2,66.7%,2,66.7%,4,4,100.0%,4,100.0%,12,10,83.3%,10,83.3%,7,6,85.7%,6,85.7%,5,4,80.0%,4,80.0%
EL PASO,0990,WIDEFIELD 3,626,509,81.3%,522,83.4%,311,264,84.9%,271,87.1%,315,245,77.8%,251,79.7%,9,7,77.8%,7,77.8%,3,3,100.0%,3,100.0%,6,4,66.7%,4,66.7%,6,5,83.3%,5,83.3%,3,3,100.0%,3,100.0%,3,2,66.7%,2,66.7%,71,54,76.1%,56,78.9%,33,27,81.8%,27,81.8%,38,27,71.1%,29,76.3%,159,130,81.8%,134,84.3%,81,69,85.2%,73,90.1%,78,61,78.2%,61,78.2%,334,278,83.2%,284,85.0%,168,143,85.1%,145,86.3%,166,135,81.3%,139,83.7%,8,6,75.0%,6,75.0%,4,4,100.0%,4,100.0%,4,2,50.0%,2,50.0%,39,29,74.4%,30,76.9%,19,15,78.9%,16,84.2%,20,14,70.0%,14,70.0%
EL PASO,1000,FOUNTAIN 8,425,340,80.0%,346,81.4%,216,181,83.8%,184,85.2%,209,159,76.1%,162,77.5%,7,5,71.4%,6,85.7%,2,1,50.0%,2,100.0%,5,4,80.0%,4,80.0%,6,6,100.0%,6,100.0%,3,3,100.0%,3,100.0%,3,3,100.0%,3,100.0%,74,67,90.5%,67,90.5%,33,33,100.0%,33,100.0%,41,34,82.9%,34,82.9%,80,66,82.5%,66,82.5%,45,39,86.7%,39,86.7%,35,27,77.1%,27,77.1%,222,168,75.7%,172,77.5%,110,86,78.2%,87,79.1%,112,82,73.2%,85,75.9%,3,2,66.7%,2,66.7%,0,0,0.0%,0,0.0%,3,2,66.7%,2,66.7%,33,26,78.8%,27,81.8%,23,19,82.6%,20,87.0%,10,7,70.0%,7,70.0%
EL PASO,1010,COLORADO SPRINGS 11,"2,269","1,498",66.0%,"1,598",70.4%,"1,108",787,71.0%,821,74.1%,"1,161",711,61.2%,777,66.9%,24,12,50.0%,13,54.2%,13,9,69.2%,10,76.9%,11,3,27.3%,3,27.3%,46,37,80.4%,40,87.0%,24,22,91.7%,23,95.8%,22,15,68.2%,17,77.3%,168,104,61.9%,110,65.5%,79,54,68.4%,56,70.9%,89,50,56.2%,54,60.7%,644,377,58.5%,401,62.3%,305,193,63.3%,201,65.9%,339,184,54.3%,200,59.0%,"1,185",821,69.3%,875,73.8%,588,428,72.8%,448,76.2%,597,393,65.8%,427,71.5%,12,10,83.3%,10,83.3%,5,5,100.0%,5,100.0%,7,5,71.4%,5,71.4%,190,137,72.1%,149,78.4%,94,76,80.9%,78,83.0%,96,61,63.5%,71,74.0%
EL PASO,1020,CHEYENNE MOUNTAIN 12,326,311,95.4%,316,96.9%,141,138,97.9%,138,97.9%,185,173,93.5%,178,96.2%,0,0,0.0%,0,0.0%,0,0,0.0%,0,0.0%,0,0,0.0%,0,0.0%,18,18,100.0%,18,100.0%,7,7,100.0%,7,100.0%,11,11,100.0%,11,100.0%,12,10,83.3%,10,83.3%,3,3,100.0%,3,100.0%,9,7,77.8%,7,77.8%,40,33,82.5%,37,92.5%,17,16,94.1%,16,94.1%,23,17,73.9%,21,91.3%,253,247,97.6%,248,98.0%,113,111,98.2%,111,98.2%,140,136,97.1%,137,97.9%,0,0,0.0%,0,0.0%,0,0,0.0%,0,0.0%,0,0,0.0%,0,0.0%,3,3,100.0%,3,100.0%,1,1,100.0%,1,100.0%,2,2,100.0%,2,100.0%
EL PASO,1030,MANITOU SPRINGS 14,109,102,93.6%,104,95.4%,50,50,100.0%,50,100.0%,59,52,88.1%,54,91.5%,2,2,100.0%,2,100.0%,0,0,0.0%,0,0.0%,2,2,100.0%,2,100.0%,3,3,100.0%,3,100.0%,3,3,100.0%,3,100.0%,0,0,0.0%,0,0.0%,1,1,100.0%,1,100.0%,0,0,0.0%,0,0.0%,1,1,100.0%,1,100.0%,7,6,85.7%,6,85.7%,3,3,100.0%,3,100.0%,4,3,75.0%,3,75.0%,95,89,93.7%,91,95.8%,43,43,100.0%,43,100.0%,52,46,88.5%,48,92.3%,0,0,0.0%,0,0.0%,0,0,0.0%,0,0.0%,0,0,0.0%,0,0.0%,1,1,100.0%,1,100.0%,1,1,100.0%,1,100.0%,0,0,0.0%,0,0.0%
EL PASO,1040,ACADEMY 20,"1,901","1,737",91.4%,"1,763",92.7%,934,876,93.8%,885,94.8%,967,861,89.0%,878,90.8%,8,7,87.5%,7,87.5%,5,4,80.0%,4,80.0%,3,3,100.0%,3,100.0%,64,63,98.4%,63,98.4%,31,31,100.0%,31,100.0%,33,32,97.0%,32,97.0%,55,48,87.3%,48,87.3%,24,22,91.7%,22,91.7%,31,26,83.9%,26,83.9%,219,194,88.6%,196,89.5%,108,97,89.8%,97,89.8%,111,97,87.4%,99,89.2%,"1,468","1,345",91.6%,"1,367",93.1%,730,687,94.1%,695,95.2%,738,658,89.2%,672,91.1%,9,9,100.0%,9,100.0%,5,5,100.0%,5,100.0%,4,4,100.0%,4,100.0%,78,71,91.0%,73,93.6%,31,30,96.8%,31,100.0%,47,41,87.2%,42,89.4%
EL PASO,1050,ELLICOTT 22,53,48,90.6%,48,90.6%,29,29,100.0%,29,100.0%,24,19,79.2%,19,79.2%,0,0,0.0%,0,0.0%,0,0,0.0%,0,0.0%,0,0,0.0%,0,0.0%,1,1,100.0%,1,100.0%,1,1,100.0%,1,100.0%,0,0,0.0%,0,0.0%,1,1,100.0%,1,100.0%,0,0,0.0%,0,0.0%,1,1,100.0%,1,100.0%,11,10,90.9%,10,90.9%,5,5,100.0%,5,100.0%,6,5,83.3%,5,83.3%,39,35,89.7%,35,89.7%,22,22,100.0%,22,100.0%,17,13,76.5%,13,76.5%,0,0,0.0%,0,0.0%,0,0,0.0%,0,0.0%,0,0,0.0%,0,0.0%,1,1,100.0%,1,100.0%,1,1,100.0%,1,100.0%,0,0,0.0%,0,0.0%
EL PASO,1060,PEYTON 23 JT,55,51,92.7%,51,92.7%,27,26,96.3%,26,96.3%,28,25,89.3%,25,89.3%,1,1,100.0%,1,100.0%,0,0,0.0%,0,0.0%,1,1,100.0%,1,100.0%,0,0,0.0%,0,0.0%,0,0,0.0%,0,0.0%,0,0,0.0%,0,0.0%,0,0,0.0%,0,0.0%,0,0,0.0%,0,0.0%,0,0,0.0%,0,0.0%,1,1,100.0%,1,100.0%,1,1,100.0%,1,100.0%,0,0,0.0%,0,0.0%,52,49,94.2%,49,94.2%,25,25,100.0%,25,100.0%,27,24,88.9%,24,88.9%,0,0,0.0%,0,0.0%,0,0,0.0%,0,0.0%,0,0,0.0%,0,0.0%,1,0,0.0%,0,0.0%,1,0,0.0%,0,0.0%,0,0,0.0%,0,0.0%
EL PASO,1070,HANOVER 28,16,14,87.5%,14,87.5%,7,6,85.7%,6,85.7%,9,8,88.9%,8,88.9%,0,0,0.0%,0,0.0%,0,0,0.0%,0,0.0%,0,0,0.0%,0,0.0%,0,0,0.0%,0,0.0%,0,0,0.0%,0,0.0%,0,0,0.0%,0,0.0%,0,0,0.0%,0,0.0%,0,0,0.0%,0,0.0%,0,0,0.0%,0,0.0%,2,1,50.0%,1,50.0%,0,0,0.0%,0,0.0%,2,1,50.0%,1,50.0%,14,13,92.9%,13,92.9%,7,6,85.7%,6,85.7%,7,7,100.0%,7,100.0%,0,0,0.0%,0,0.0%,0,0,0.0%,0,0.0%,0,0,0.0%,0,0.0%,0,0,0.0%,0,0.0%,0,0,0.0%,0,0.0%,0,0,0.0%,0,0.0%
EL PASO,1080,LEWIS-PALMER 38,496,455,91.7%,458,92.3%,229,213,93.0%,216,94.3%,267,242,90.6%,242,90.6%,5,3,60.0%,3,60.0%,3,2,66.7%,2,66.7%,2,1,50.0%,1,50.0%,10,10,100.0%,10,100.0%,5,5,100.0%,5,100.0%,5,5,100.0%,5,100.0%,7,7,100.0%,7,100.0%,1,1,100.0%,1,100.0%,6,6,100.0%,6,100.0%,41,36,87.8%,36,87.8%,16,15,93.8%,15,93.8%,25,21,84.0%,21,84.0%,409,378,92.4%,381,93.2%,192,178,92.7%,181,94.3%,217,200,92.2%,200,92.2%,0,0,0.0%,0,0.0%,0,0,0.0%,0,0.0%,0,0,0.0%,0,0.0%,24,21,87.5%,21,87.5%,12,12,100.0%,12,100.0%,12,9,75.0%,9,75.0%
EL PASO,1110,FALCON 49,"1,009",907,89.9%,915,90.7%,453,422,93.2%,424,93.6%,556,485,87.2%,491,88.3%,14,13,92.9%,14,100.0%,8,8,100.0%,8,100.0%,6,5,83.3%,6,100.0%,39,34,87.2%,34,87.2%,16,16,100.0%,16,100.0%,23,18,78.3%,18,78.3%,93,76,81.7%,76,81.7%,40,32,80.0%,32,80.0%,53,44,83.0%,44,83.0%,170,155,91.2%,157,92.4%,69,65,94.2%,65,94.2%,101,90,89.1%,92,91.1%,657,598,91.0%,603,91.8%,301,285,94.7%,287,95.3%,356,313,87.9%,316,88.8%,3,3,100.0%,3,100.0%,2,2,100.0%,2,100.0%,1,1,100.0%,1,100.0%,33,28,84.8%,28,84.8%,17,14,82.4%,14,82.4%,16,14,87.5%,14,87.5%
EL PASO,1120,EDISON 54 JT,35,17,48.6%,18,51.4%,15,6,40.0%,6,40.0%,20,11,55.0%,12,60.0%,0,0,0.0%,0,0.0%,0,0,0.0%,0,0.0%,0,0,0.0%,0,0.0%,1,0,0.0%,0,0.0%,1,0,0.0%,0,0.0%,0,0,0.0%,0,0.0%,0,0,0.0%,0,0.0%,0,0,0.0%,0,0.0%,0,0,0.0%,0,0.0%,3,2,66.7%,2,66.7%,2,2,100.0%,2,100.0%,1,0,0.0%,0,0.0%,31,15,48.4%,16,51.6%,12,4,33.3%,4,33.3%,19,11,57.9%,12,63.2%,0,0,0.0%,0,0.0%,0,0,0.0%,0,0.0%,0,0,0.0%,0,0.0%,0,0,0.0%,0,0.0%,0,0,0.0%,0,0.0%,0,0,0.0%,0,0.0%
EL PASO,1130,MIAMI/YODER 60 JT,18,16,88.9%,16,88.9%,4,4,100.0%,4,100.0%,14,12,85.7%,12,85.7%,0,0,0.0%,0,0.0%,0,0,0.0%,0,0.0%,0,0,0.0%,0,0.0%,0,0,0.0%,0,0.0%,0,0,0.0%,0,0.0%,0,0,0.0%,0,0.0%,0,0,0.0%,0,0.0%,0,0,0.0%,0,0.0%,0,0,0.0%,0,0.0%,2,2,100.0%,2,100.0%,1,1,100.0%,1,100.0%,1,1,100.0%,1,100.0%,16,14,87.5%,14,87.5%,3,3,100.0%,3,100.0%,13,11,84.6%,11,84.6%,0,0,0.0%,0,0.0%,0,0,0.0%,0,0.0%,0,0,0.0%,0,0.0%,0,0,0.0%,0,0.0%,0,0,0.0%,0,0.0%,0,0,0.0%,0,0.0%
FREMONT,1140,CANON CITY RE-1,295,210,71.2%,225,76.3%,132,101,76.5%,107,81.1%,163,109,66.9%,118,72.4%,2,1,50.0%,1,50.0%,2,1,50.0%,1,50.0%,0,0,0.0%,0,0.0%,1,1,100.0%,1,100.0%,0,0,0.0%,0,0.0%,1,1,100.0%,1,100.0%,5,4,80.0%,4,80.0%,2,1,50.0%,1,50.0%,3,3,100.0%,3,100.0%,46,28,60.9%,30,65.2%,21,14,66.7%,15,71.4%,25,14,56.0%,15,60.0%,226,165,73.0%,178,78.8%,101,80,79.2%,85,84.2%,125,85,68.0%,93,74.4%,1,0,0.0%,0,0.0%,0,0,0.0%,0,0.0%,1,0,0.0%,0,0.0%,14,11,78.6%,11,78.6%,6,5,83.3%,5,83.3%,8,6,75.0%,6,75.0%
FREMONT,1150,FREMONT RE-2,107,89,83.2%,96,89.7%,50,43,86.0%,47,94.0%,57,46,80.7%,49,86.0%,0,0,0.0%,0,0.0%,0,0,0.0%,0,0.0%,0,0,0.0%,0,0.0%,0,0,0.0%,0,0.0%,0,0,0.0%,0,0.0%,0,0,0.0%,0,0.0%,0,0,0.0%,0,0.0%,0,0,0.0%,0,0.0%,0,0,0.0%,0,0.0%,12,8,66.7%,9,75.0%,5,5,100.0%,5,100.0%,7,3,42.9%,4,57.1%,91,78,85.7%,84,92.3%,43,37,86.0%,41,95.3%,48,41,85.4%,43,89.6%,0,0,0.0%,0,0.0%,0,0,0.0%,0,0.0%,0,0,0.0%,0,0.0%,4,3,75.0%,3,75.0%,2,1,50.0%,1,50.0%,2,2,100.0%,2,100.0%
FREMONT,1160,COTOPAXI RE-3,15,15,100.0%,15,100.0%,8,8,100.0%,8,100.0%,7,7,100.0%,7,100.0%,0,0,0.0%,0,0.0%,0,0,0.0%,0,0.0%,0,0,0.0%,0,0.0%,0,0,0.0%,0,0.0%,0,0,0.0%,0,0.0%,0,0,0.0%,0,0.0%,0,0,0.0%,0,0.0%,0,0,0.0%,0,0.0%,0,0,0.0%,0,0.0%,1,1,100.0%,1,100.0%,1,1,100.0%,1,100.0%,0,0,0.0%,0,0.0%,13,13,100.0%,13,100.0%,6,6,100.0%,6,100.0%,7,7,100.0%,7,100.0%,0,0,0.0%,0,0.0%,0,0,0.0%,0,0.0%,0,0,0.0%,0,0.0%,1,1,100.0%,1,100.0%,1,1,100.0%,1,100.0%,0,0,0.0%,0,0.0%
GARFIELD,1180,ROARING FORK RE-1,398,313,78.6%,322,80.9%,158,134,84.8%,138,87.3%,240,179,74.6%,184,76.7%,1,0,0.0%,0,0.0%,0,0,0.0%,0,0.0%,1,0,0.0%,0,0.0%,6,5,83.3%,5,83.3%,4,4,100.0%,4,100.0%,2,1,50.0%,1,50.0%,1,1,100.0%,1,100.0%,1,1,100.0%,1,100.0%,0,0,0.0%,0,0.0%,199,142,71.4%,145,72.9%,66,52,78.8%,53,80.3%,133,90,67.7%,92,69.2%,175,154,88.0%,159,90.9%,86,77,89.5%,80,93.0%,89,77,86.5%,79,88.8%,0,0,0.0%,0,0.0%,0,0,0.0%,0,0.0%,0,0,0.0%,0,0.0%,16,11,68.8%,12,75.0%,1,0,0.0%,0,0.0%,15,11,73.3%,12,80.0%
GARFIELD,1195,GARFIELD RE-2,280,222,79.3%,228,81.4%,121,99,81.8%,101,83.5%,159,123,77.4%,127,79.9%,1,1,100.0%,1,100.0%,0,0,0.0%,0,0.0%,1,1,100.0%,1,100.0%,1,0,0.0%,0,0.0%,0,0,0.0%,0,0.0%,1,0,0.0%,0,0.0%,0,0,0.0%,0,0.0%,0,0,0.0%,0,0.0%,0,0,0.0%,0,0.0%,115,95,82.6%,96,83.5%,45,37,82.2%,37,82.2%,70,58,82.9%,59,84.3%,162,126,77.8%,131,80.9%,76,62,81.6%,64,84.2%,86,64,74.4%,67,77.9%,0,0,0.0%,0,0.0%,0,0,0.0%,0,0.0%,0,0,0.0%,0,0.0%,1,0,0.0%,0,0.0%,0,0,0.0%,0,0.0%,1,0,0.0%,0,0.0%
GARFIELD,1220,GARFIELD 16,89,65,73.0%,68,76.4%,40,32,80.0%,32,80.0%,49,33,67.3%,36,73.5%,1,0,0.0%,0,0.0%,0,0,0.0%,0,0.0%,1,0,0.0%,0,0.0%,0,0,0.0%,0,0.0%,0,0,0.0%,0,0.0%,0,0,0.0%,0,0.0%,0,0,0.0%,0,0.0%,0,0,0.0%,0,0.0%,0,0,0.0%,0,0.0%,35,27,77.1%,27,77.1%,16,14,87.5%,14,87.5%,19,13,68.4%,13,68.4%,51,36,70.6%,39,76.5%,23,17,73.9%,17,73.9%,28,19,67.9%,22,78.6%,0,0,0.0%,0,0.0%,0,0,0.0%,0,0.0%,0,0,0.0%,0,0.0%,2,2,100.0%,2,100.0%,1,1,100.0%,1,100.0%,1,1,100.0%,1,100.0%
GILPIN,1330,GILPIN COUNTY RE-1,17,15,88.2%,15,88.2%,8,7,87.5%,7,87.5%,9,8,88.9%,8,88.9%,0,0,0.0%,0,0.0%,0,0,0.0%,0,0.0%,0,0,0.0%,0,0.0%,0,0,0.0%,0,0.0%,0,0,0.0%,0,0.0%,0,0,0.0%,0,0.0%,0,0,0.0%,0,0.0%,0,0,0.0%,0,0.0%,0,0,0.0%,0,0.0%,3,2,66.7%,2,66.7%,2,1,50.0%,1,50.0%,1,1,100.0%,1,100.0%,12,11,91.7%,11,91.7%,5,5,100.0%,5,100.0%,7,6,85.7%,6,85.7%,1,1,100.0%,1,100.0%,0,0,0.0%,0,0.0%,1,1,100.0%,1,100.0%,1,1,100.0%,1,100.0%,1,1,100.0%,1,100.0%,0,0,0.0%,0,0.0%
GRAND,1340,WEST GRAND 1-JT.,23,19,82.6%,20,87.0%,13,12,92.3%,12,92.3%,10,7,70.0%,8,80.0%,0,0,0.0%,0,0.0%,0,0,0.0%,0,0.0%,0,0,0.0%,0,0.0%,0,0,0.0%,0,0.0%,0,0,0.0%,0,0.0%,0,0,0.0%,0,0.0%,0,0,0.0%,0,0.0%,0,0,0.0%,0,0.0%,0,0,0.0%,0,0.0%,5,3,60.0%,3,60.0%,2,2,100.0%,2,100.0%,3,1,33.3%,1,33.3%,17,15,88.2%,16,94.1%,11,10,90.9%,10,90.9%,6,5,83.3%,6,100.0%,1,1,100.0%,1,100.0%,0,0,0.0%,0,0.0%,1,1,100.0%,1,100.0%,0,0,0.0%,0,0.0%,0,0,0.0%,0,0.0%,0,0,0.0%,0,0.0%
GRAND,1350,EAST GRAND 2,97,80,82.5%,82,84.5%,48,39,81.3%,41,85.4%,49,41,83.7%,41,83.7%,0,0,0.0%,0,0.0%,0,0,0.0%,0,0.0%,0,0,0.0%,0,0.0%,1,1,100.0%,1,100.0%,0,0,0.0%,0,0.0%,1,1,100.0%,1,100.0%,0,0,0.0%,0,0.0%,0,0,0.0%,0,0.0%,0,0,0.0%,0,0.0%,9,4,44.4%,4,44.4%,4,1,25.0%,1,25.0%,5,3,60.0%,3,60.0%,83,72,86.7%,74,89.2%,42,37,88.1%,39,92.9%,41,35,85.4%,35,85.4%,2,2,100.0%,2,100.0%,0,0,0.0%,0,0.0%,2,2,100.0%,2,100.0%,2,1,50.0%,1,50.0%,2,1,50.0%,1,50.0%,0,0,0.0%,0,0.0%
GUNNISON,1360,GUNNISON WATERSHED RE1J,107,89,83.2%,94,87.9%,53,46,86.8%,49,92.5%,54,43,79.6%,45,83.3%,0,0,0.0%,0,0.0%,0,0,0.0%,0,0.0%,0,0,0.0%,0,0.0%,2,2,100.0%,2,100.0%,1,1,100.0%,1,100.0%,1,1,100.0%,1,100.0%,0,0,0.0%,0,0.0%,0,0,0.0%,0,0.0%,0,0,0.0%,0,0.0%,12,6,50.0%,6,50.0%,6,5,83.3%,5,83.3%,6,1,16.7%,1,16.7%,90,78,86.7%,83,92.2%,44,38,86.4%,41,93.2%,46,40,87.0%,42,91.3%,0,0,0.0%,0,0.0%,0,0,0.0%,0,0.0%,0,0,0.0%,0,0.0%,3,3,100.0%,3,100.0%,2,2,100.0%,2,100.0%,1,1,100.0%,1,100.0%
HINSDALE,1380,HINSDALE COUNTY RE 1,1,1,100.0%,1,100.0%,0,0,0.0%,0,0.0%,1,1,100.0%,1,100.0%,0,0,0.0%,0,0.0%,0,0,0.0%,0,0.0%,0,0,0.0%,0,0.0%,0,0,0.0%,0,0.0%,0,0,0.0%,0,0.0%,0,0,0.0%,0,0.0%,0,0,0.0%,0,0.0%,0,0,0.0%,0,0.0%,0,0,0.0%,0,0.0%,0,0,0.0%,0,0.0%,0,0,0.0%,0,0.0%,0,0,0.0%,0,0.0%,1,1,100.0%,1,100.0%,0,0,0.0%,0,0.0%,1,1,100.0%,1,100.0%,0,0,0.0%,0,0.0%,0,0,0.0%,0,0.0%,0,0,0.0%,0,0.0%,0,0,0.0%,0,0.0%,0,0,0.0%,0,0.0%,0,0,0.0%,0,0.0%
HUERFANO,1390,HUERFANO RE-1,40,30,75.0%,30,75.0%,18,13,72.2%,13,72.2%,22,17,77.3%,17,77.3%,0,0,0.0%,0,0.0%,0,0,0.0%,0,0.0%,0,0,0.0%,0,0.0%,0,0,0.0%,0,0.0%,0,0,0.0%,0,0.0%,0,0,0.0%,0,0.0%,0,0,0.0%,0,0.0%,0,0,0.0%,0,0.0%,0,0,0.0%,0,0.0%,27,21,77.8%,21,77.8%,13,9,69.2%,9,69.2%,14,12,85.7%,12,85.7%,11,8,72.7%,8,72.7%,5,4,80.0%,4,80.0%,6,4,66.7%,4,66.7%,0,0,0.0%,0,0.0%,0,0,0.0%,0,0.0%,0,0,0.0%,0,0.0%,2,1,50.0%,1,50.0%,0,0,0.0%,0,0.0%,2,1,50.0%,1,50.0%
HUERFANO,1400,LA VETA RE-2,24,21,87.5%,21,87.5%,11,9,81.8%,9,81.8%,13,12,92.3%,12,92.3%,0,0,0.0%,0,0.0%,0,0,0.0%,0,0.0%,0,0,0.0%,0,0.0%,0,0,0.0%,0,0.0%,0,0,0.0%,0,0.0%,0,0,0.0%,0,0.0%,0,0,0.0%,0,0.0%,0,0,0.0%,0,0.0%,0,0,0.0%,0,0.0%,5,5,100.0%,5,100.0%,2,2,100.0%,2,100.0%,3,3,100.0%,3,100.0%,19,16,84.2%,16,84.2%,9,7,77.8%,7,77.8%,10,9,90.0%,9,90.0%,0,0,0.0%,0,0.0%,0,0,0.0%,0,0.0%,0,0,0.0%,0,0.0%,0,0,0.0%,0,0.0%,0,0,0.0%,0,0.0%,0,0,0.0%,0,0.0%
JACKSON,1410,NORTH PARK R-1 ,10,9,90.0%,9,90.0%,4,4,100.0%,4,100.0%,6,5,83.3%,5,83.3%,0,0,0.0%,0,0.0%,0,0,0.0%,0,0.0%,0,0,0.0%,0,0.0%,0,0,0.0%,0,0.0%,0,0,0.0%,0,0.0%,0,0,0.0%,0,0.0%,0,0,0.0%,0,0.0%,0,0,0.0%,0,0.0%,0,0,0.0%,0,0.0%,1,1,100.0%,1,100.0%,0,0,0.0%,0,0.0%,1,1,100.0%,1,100.0%,9,8,88.9%,8,88.9%,4,4,100.0%,4,100.0%,5,4,80.0%,4,80.0%,0,0,0.0%,0,0.0%,0,0,0.0%,0,0.0%,0,0,0.0%,0,0.0%,0,0,0.0%,0,0.0%,0,0,0.0%,0,0.0%,0,0,0.0%,0,0.0%
JEFFERSON,1420,JEFFERSON COUNTY R-1,"6,497","5,292",81.5%,"5,484",84.4%,"3,159","2,713",85.9%,"2,786",88.2%,"3,338","2,579",77.3%,"2,698",80.8%,61,42,68.9%,43,70.5%,31,21,67.7%,22,71.0%,30,21,70.0%,21,70.0%,210,197,93.8%,199,94.8%,107,101,94.4%,103,96.3%,103,96,93.2%,96,93.2%,63,42,66.7%,42,66.7%,21,14,66.7%,14,66.7%,42,28,66.7%,28,66.7%,"1,394",984,70.6%,"1,020",73.2%,650,504,77.5%,516,79.4%,744,480,64.5%,504,67.7%,"4,580","3,875",84.6%,"4,024",87.9%,"2,248","1,986",88.3%,"2,042",90.8%,"2,332","1,889",81.0%,"1,982",85.0%,10,8,80.0%,8,80.0%,5,4,80.0%,4,80.0%,5,4,80.0%,4,80.0%,179,144,80.4%,148,82.7%,97,83,85.6%,85,87.6%,82,61,74.4%,63,76.8%
KIOWA,1430,EADS RE-1,20,18,90.0%,18,90.0%,6,6,100.0%,6,100.0%,14,12,85.7%,12,85.7%,0,0,0.0%,0,0.0%,0,0,0.0%,0,0.0%,0,0,0.0%,0,0.0%,0,0,0.0%,0,0.0%,0,0,0.0%,0,0.0%,0,0,0.0%,0,0.0%,0,0,0.0%,0,0.0%,0,0,0.0%,0,0.0%,0,0,0.0%,0,0.0%,2,2,100.0%,2,100.0%,0,0,0.0%,0,0.0%,2,2,100.0%,2,100.0%,17,16,94.1%,16,94.1%,6,6,100.0%,6,100.0%,11,10,90.9%,10,90.9%,1,0,0.0%,0,0.0%,0,0,0.0%,0,0.0%,1,0,0.0%,0,0.0%,0,0,0.0%,0,0.0%,0,0,0.0%,0,0.0%,0,0,0.0%,0,0.0%
KIOWA,1440,PLAINVIEW RE-2,5,4,80.0%,4,80.0%,1,1,100.0%,1,100.0%,4,3,75.0%,3,75.0%,0,0,0.0%,0,0.0%,0,0,0.0%,0,0.0%,0,0,0.0%,0,0.0%,0,0,0.0%,0,0.0%,0,0,0.0%,0,0.0%,0,0,0.0%,0,0.0%,0,0,0.0%,0,0.0%,0,0,0.0%,0,0.0%,0,0,0.0%,0,0.0%,1,0,0.0%,0,0.0%,0,0,0.0%,0,0.0%,1,0,0.0%,0,0.0%,4,4,100.0%,4,100.0%,1,1,100.0%,1,100.0%,3,3,100.0%,3,100.0%,0,0,0.0%,0,0.0%,0,0,0.0%,0,0.0%,0,0,0.0%,0,0.0%,0,0,0.0%,0,0.0%,0,0,0.0%,0,0.0%,0,0,0.0%,0,0.0%
KIT CARSON,1450,ARRIBA-FLAGLER C-20,9,9,100.0%,9,100.0%,6,6,100.0%,6,100.0%,3,3,100.0%,3,100.0%,0,0,0.0%,0,0.0%,0,0,0.0%,0,0.0%,0,0,0.0%,0,0.0%,0,0,0.0%,0,0.0%,0,0,0.0%,0,0.0%,0,0,0.0%,0,0.0%,0,0,0.0%,0,0.0%,0,0,0.0%,0,0.0%,0,0,0.0%,0,0.0%,0,0,0.0%,0,0.0%,0,0,0.0%,0,0.0%,0,0,0.0%,0,0.0%,9,9,100.0%,9,100.0%,6,6,100.0%,6,100.0%,3,3,100.0%,3,100.0%,0,0,0.0%,0,0.0%,0,0,0.0%,0,0.0%,0,0,0.0%,0,0.0%,0,0,0.0%,0,0.0%,0,0,0.0%,0,0.0%,0,0,0.0%,0,0.0%
KIT CARSON,1460,HI-PLAINS R-23,13,13,100.0%,13,100.0%,7,7,100.0%,7,100.0%,6,6,100.0%,6,100.0%,1,1,100.0%,1,100.0%,1,1,100.0%,1,100.0%,0,0,0.0%,0,0.0%,0,0,0.0%,0,0.0%,0,0,0.0%,0,0.0%,0,0,0.0%,0,0.0%,0,0,0.0%,0,0.0%,0,0,0.0%,0,0.0%,0,0,0.0%,0,0.0%,2,2,100.0%,2,100.0%,2,2,100.0%,2,100.0%,0,0,0.0%,0,0.0%,10,10,100.0%,10,100.0%,4,4,100.0%,4,100.0%,6,6,100.0%,6,100.0%,0,0,0.0%,0,0.0%,0,0,0.0%,0,0.0%,0,0,0.0%,0,0.0%,0,0,0.0%,0,0.0%,0,0,0.0%,0,0.0%,0,0,0.0%,0,0.0%
KIT CARSON,1480,STRATTON R-4,7,6,85.7%,6,85.7%,2,2,100.0%,2,100.0%,5,4,80.0%,4,80.0%,0,0,0.0%,0,0.0%,0,0,0.0%,0,0.0%,0,0,0.0%,0,0.0%,0,0,0.0%,0,0.0%,0,0,0.0%,0,0.0%,0,0,0.0%,0,0.0%,0,0,0.0%,0,0.0%,0,0,0.0%,0,0.0%,0,0,0.0%,0,0.0%,1,1,100.0%,1,100.0%,0,0,0.0%,0,0.0%,1,1,100.0%,1,100.0%,6,5,83.3%,5,83.3%,2,2,100.0%,2,100.0%,4,3,75.0%,3,75.0%,0,0,0.0%,0,0.0%,0,0,0.0%,0,0.0%,0,0,0.0%,0,0.0%,0,0,0.0%,0,0.0%,0,0,0.0%,0,0.0%,0,0,0.0%,0,0.0%
KIT CARSON,1490,BETHUNE R-5,9,8,88.9%,8,88.9%,2,1,50.0%,1,50.0%,7,7,100.0%,7,100.0%,0,0,0.0%,0,0.0%,0,0,0.0%,0,0.0%,0,0,0.0%,0,0.0%,0,0,0.0%,0,0.0%,0,0,0.0%,0,0.0%,0,0,0.0%,0,0.0%,0,0,0.0%,0,0.0%,0,0,0.0%,0,0.0%,0,0,0.0%,0,0.0%,1,1,100.0%,1,100.0%,0,0,0.0%,0,0.0%,1,1,100.0%,1,100.0%,8,7,87.5%,7,87.5%,2,1,50.0%,1,50.0%,6,6,100.0%,6,100.0%,0,0,0.0%,0,0.0%,0,0,0.0%,0,0.0%,0,0,0.0%,0,0.0%,0,0,0.0%,0,0.0%,0,0,0.0%,0,0.0%,0,0,0.0%,0,0.0%
KIT CARSON,1500,BURLINGTON RE-6J,51,47,92.2%,48,94.1%,24,22,91.7%,23,95.8%,27,25,92.6%,25,92.6%,0,0,0.0%,0,0.0%,0,0,0.0%,0,0.0%,0,0,0.0%,0,0.0%,1,1,100.0%,1,100.0%,0,0,0.0%,0,0.0%,1,1,100.0%,1,100.0%,2,2,100.0%,2,100.0%,2,2,100.0%,2,100.0%,0,0,0.0%,0,0.0%,17,13,76.5%,14,82.4%,5,3,60.0%,4,80.0%,12,10,83.3%,10,83.3%,31,31,100.0%,31,100.0%,17,17,100.0%,17,100.0%,14,14,100.0%,14,100.0%,0,0,0.0%,0,0.0%,0,0,0.0%,0,0.0%,0,0,0.0%,0,0.0%,0,0,0.0%,0,0.0%,0,0,0.0%,0,0.0%,0,0,0.0%,0,0.0%
LAKE,1510,LAKE COUNTY R-1,68,52,76.5%,53,77.9%,28,23,82.1%,24,85.7%,40,29,72.5%,29,72.5%,0,0,0.0%,0,0.0%,0,0,0.0%,0,0.0%,0,0,0.0%,0,0.0%,0,0,0.0%,0,0.0%,0,0,0.0%,0,0.0%,0,0,0.0%,0,0.0%,0,0,0.0%,0,0.0%,0,0,0.0%,0,0.0%,0,0,0.0%,0,0.0%,44,31,70.5%,32,72.7%,17,13,76.5%,14,82.4%,27,18,66.7%,18,66.7%,22,20,90.9%,20,90.9%,9,9,100.0%,9,100.0%,13,11,84.6%,11,84.6%,0,0,0.0%,0,0.0%,0,0,0.0%,0,0.0%,0,0,0.0%,0,0.0%,2,1,50.0%,1,50.0%,2,1,50.0%,1,50.0%,0,0,0.0%,0,0.0%
LA PLATA,1520,DURANGO 9-R,348,250,71.8%,272,78.2%,184,143,77.7%,154,83.7%,164,107,65.2%,118,72.0%,24,9,37.5%,13,54.2%,12,4,33.3%,7,58.3%,12,5,41.7%,6,50.0%,5,4,80.0%,4,80.0%,2,2,100.0%,2,100.0%,3,2,66.7%,2,66.7%,2,0,0.0%,0,0.0%,1,0,0.0%,0,0.0%,1,0,0.0%,0,0.0%,54,34,63.0%,36,66.7%,30,19,63.3%,21,70.0%,24,15,62.5%,15,62.5%,254,195,76.8%,211,83.1%,133,112,84.2%,118,88.7%,121,83,68.6%,93,76.9%,0,0,0.0%,0,0.0%,0,0,0.0%,0,0.0%,0,0,0.0%,0,0.0%,9,8,88.9%,8,88.9%,6,6,100.0%,6,100.0%,3,2,66.7%,2,66.7%
LA PLATA,1530,BAYFIELD 10 JT-R,117,105,89.7%,109,93.2%,57,50,87.7%,54,94.7%,60,55,91.7%,55,91.7%,3,3,100.0%,3,100.0%,2,2,100.0%,2,100.0%,1,1,100.0%,1,100.0%,0,0,0.0%,0,0.0%,0,0,0.0%,0,0.0%,0,0,0.0%,0,0.0%,0,0,0.0%,0,0.0%,0,0,0.0%,0,0.0%,0,0,0.0%,0,0.0%,14,12,85.7%,13,92.9%,7,6,85.7%,7,100.0%,7,6,85.7%,6,85.7%,98,88,89.8%,91,92.9%,46,40,87.0%,43,93.5%,52,48,92.3%,48,92.3%,0,0,0.0%,0,0.0%,0,0,0.0%,0,0.0%,0,0,0.0%,0,0.0%,2,2,100.0%,2,100.0%,2,2,100.0%,2,100.0%,0,0,0.0%,0,0.0%
LA PLATA,1540,IGNACIO 11 JT,59,37,62.7%,43,72.9%,35,24,68.6%,28,80.0%,24,13,54.2%,15,62.5%,20,11,55.0%,14,70.0%,11,7,63.6%,8,72.7%,9,4,44.4%,6,66.7%,0,0,0.0%,0,0.0%,0,0,0.0%,0,0.0%,0,0,0.0%,0,0.0%,1,1,100.0%,1,100.0%,0,0,0.0%,0,0.0%,1,1,100.0%,1,100.0%,13,9,69.2%,9,69.2%,7,7,100.0%,7,100.0%,6,2,33.3%,2,33.3%,22,13,59.1%,16,72.7%,16,9,56.3%,12,75.0%,6,4,66.7%,4,66.7%,0,0,0.0%,0,0.0%,0,0,0.0%,0,0.0%,0,0,0.0%,0,0.0%,3,3,100.0%,3,100.0%,1,1,100.0%,1,100.0%,2,2,100.0%,2,100.0%
LARIMER,1550,POUDRE R-1,"2,043","1,717",84.0%,"1,772",86.7%,"1,007",878,87.2%,905,89.9%,"1,036",839,81.0%,867,83.7%,18,10,55.6%,12,66.7%,7,7,100.0%,7,100.0%,11,3,27.3%,5,45.5%,56,49,87.5%,50,89.3%,27,23,85.2%,24,88.9%,29,26,89.7%,26,89.7%,37,30,81.1%,30,81.1%,15,13,86.7%,13,86.7%,22,17,77.3%,17,77.3%,323,240,74.3%,250,77.4%,152,124,81.6%,127,83.6%,171,116,67.8%,123,71.9%,"1,555","1,345",86.5%,"1,387",89.2%,779,689,88.4%,712,91.4%,776,656,84.5%,675,87.0%,4,4,100.0%,4,100.0%,2,2,100.0%,2,100.0%,2,2,100.0%,2,100.0%,50,39,78.0%,39,78.0%,25,20,80.0%,20,80.0%,25,19,76.0%,19,76.0%
LARIMER,1560,THOMPSON R2-J,"1,209",939,77.7%,974,80.6%,613,503,82.1%,517,84.3%,596,436,73.2%,457,76.7%,13,5,38.5%,6,46.2%,3,2,66.7%,2,66.7%,10,3,30.0%,4,40.0%,15,14,93.3%,15,100.0%,8,7,87.5%,8,100.0%,7,7,100.0%,7,100.0%,7,3,42.9%,3,42.9%,2,1,50.0%,1,50.0%,5,2,40.0%,2,40.0%,163,112,68.7%,118,72.4%,84,61,72.6%,63,75.0%,79,51,64.6%,55,69.6%,995,793,79.7%,820,82.4%,508,427,84.1%,438,86.2%,487,366,75.2%,382,78.4%,2,1,50.0%,1,50.0%,2,1,50.0%,1,50.0%,0,0,0.0%,0,0.0%,14,11,78.6%,11,78.6%,6,4,66.7%,4,66.7%,8,7,87.5%,7,87.5%
LARIMER,1570,ESTES PARK R-3,82,65,79.3%,68,82.9%,31,26,83.9%,27,87.1%,51,39,76.5%,41,80.4%,1,1,100.0%,1,100.0%,0,0,0.0%,0,0.0%,1,1,100.0%,1,100.0%,3,3,100.0%,3,100.0%,0,0,0.0%,0,0.0%,3,3,100.0%,3,100.0%,2,2,100.0%,2,100.0%,1,1,100.0%,1,100.0%,1,1,100.0%,1,100.0%,14,7,50.0%,7,50.0%,8,6,75.0%,6,75.0%,6,1,16.7%,1,16.7%,61,51,83.6%,54,88.5%,22,19,86.4%,20,90.9%,39,32,82.1%,34,87.2%,1,1,100.0%,1,100.0%,0,0,0.0%,0,0.0%,1,1,100.0%,1,100.0%,0,0,0.0%,0,0.0%,0,0,0.0%,0,0.0%,0,0,0.0%,0,0.0%
LAS ANIMAS,1580,TRINIDAD 1,88,73,83.0%,77,87.5%,46,37,80.4%,39,84.8%,42,36,85.7%,38,90.5%,0,0,0.0%,0,0.0%,0,0,0.0%,0,0.0%,0,0,0.0%,0,0.0%,0,0,0.0%,0,0.0%,0,0,0.0%,0,0.0%,0,0,0.0%,0,0.0%,0,0,0.0%,0,0.0%,0,0,0.0%,0,0.0%,0,0,0.0%,0,0.0%,56,46,82.1%,49,87.5%,30,23,76.7%,25,83.3%,26,23,88.5%,24,92.3%,31,26,83.9%,27,87.1%,15,13,86.7%,13,86.7%,16,13,81.3%,14,87.5%,1,1,100.0%,1,100.0%,1,1,100.0%,1,100.0%,0,0,0.0%,0,0.0%,0,0,0.0%,0,0.0%,0,0,0.0%,0,0.0%,0,0,0.0%,0,0.0%
LAS ANIMAS,1590,PRIMERO REORGANIZED 2,18,16,88.9%,16,88.9%,9,8,88.9%,8,88.9%,9,8,88.9%,8,88.9%,0,0,0.0%,0,0.0%,0,0,0.0%,0,0.0%,0,0,0.0%,0,0.0%,0,0,0.0%,0,0.0%,0,0,0.0%,0,0.0%,0,0,0.0%,0,0.0%,0,0,0.0%,0,0.0%,0,0,0.0%,0,0.0%,0,0,0.0%,0,0.0%,6,4,66.7%,4,66.7%,3,2,66.7%,2,66.7%,3,2,66.7%,2,66.7%,12,12,100.0%,12,100.0%,6,6,100.0%,6,100.0%,6,6,100.0%,6,100.0%,0,0,0.0%,0,0.0%,0,0,0.0%,0,0.0%,0,0,0.0%,0,0.0%,0,0,0.0%,0,0.0%,0,0,0.0%,0,0.0%,0,0,0.0%,0,0.0%
LAS ANIMAS,1600,HOEHNE REORGANIZED 3,34,34,100.0%,34,100.0%,13,13,100.0%,13,100.0%,21,21,100.0%,21,100.0%,0,0,0.0%,0,0.0%,0,0,0.0%,0,0.0%,0,0,0.0%,0,0.0%,1,1,100.0%,1,100.0%,0,0,0.0%,0,0.0%,1,1,100.0%,1,100.0%,0,0,0.0%,0,0.0%,0,0,0.0%,0,0.0%,0,0,0.0%,0,0.0%,13,13,100.0%,13,100.0%,4,4,100.0%,4,100.0%,9,9,100.0%,9,100.0%,20,20,100.0%,20,100.0%,9,9,100.0%,9,100.0%,11,11,100.0%,11,100.0%,0,0,0.0%,0,0.0%,0,0,0.0%,0,0.0%,0,0,0.0%,0,0.0%,0,0,0.0%,0,0.0%,0,0,0.0%,0,0.0%,0,0,0.0%,0,0.0%
LAS ANIMAS,1620,AGUILAR REORGANIZED 6,6,3,50.0%,3,50.0%,1,0,0.0%,0,0.0%,5,3,60.0%,3,60.0%,0,0,0.0%,0,0.0%,0,0,0.0%,0,0.0%,0,0,0.0%,0,0.0%,0,0,0.0%,0,0.0%,0,0,0.0%,0,0.0%,0,0,0.0%,0,0.0%,0,0,0.0%,0,0.0%,0,0,0.0%,0,0.0%,0,0,0.0%,0,0.0%,1,0,0.0%,0,0.0%,0,0,0.0%,0,0.0%,1,0,0.0%,0,0.0%,5,3,60.0%,3,60.0%,1,0,0.0%,0,0.0%,4,3,75.0%,3,75.0%,0,0,0.0%,0,0.0%,0,0,0.0%,0,0.0%,0,0,0.0%,0,0.0%,0,0,0.0%,0,0.0%,0,0,0.0%,0,0.0%,0,0,0.0%,0,0.0%
LAS ANIMAS,1750,BRANSON REORGANIZED 82,49,29,59.2%,32,65.3%,30,18,60.0%,19,63.3%,19,11,57.9%,13,68.4%,0,0,0.0%,0,0.0%,0,0,0.0%,0,0.0%,0,0,0.0%,0,0.0%,0,0,0.0%,0,0.0%,0,0,0.0%,0,0.0%,0,0,0.0%,0,0.0%,1,1,100.0%,1,100.0%,1,1,100.0%,1,100.0%,0,0,0.0%,0,0.0%,9,5,55.6%,6,66.7%,4,3,75.0%,3,75.0%,5,2,40.0%,3,60.0%,37,21,56.8%,23,62.2%,24,13,54.2%,14,58.3%,13,8,61.5%,9,69.2%,0,0,0.0%,0,0.0%,0,0,0.0%,0,0.0%,0,0,0.0%,0,0.0%,2,2,100.0%,2,100.0%,1,1,100.0%,1,100.0%,1,1,100.0%,1,100.0%
LAS ANIMAS,1760,KIM REORGANIZED 88,6,6,100.0%,6,100.0%,4,4,100.0%,4,100.0%,2,2,100.0%,2,100.0%,0,0,0.0%,0,0.0%,0,0,0.0%,0,0.0%,0,0,0.0%,0,0.0%,0,0,0.0%,0,0.0%,0,0,0.0%,0,0.0%,0,0,0.0%,0,0.0%,0,0,0.0%,0,0.0%,0,0,0.0%,0,0.0%,0,0,0.0%,0,0.0%,0,0,0.0%,0,0.0%,0,0,0.0%,0,0.0%,0,0,0.0%,0,0.0%,6,6,100.0%,6,100.0%,4,4,100.0%,4,100.0%,2,2,100.0%,2,100.0%,0,0,0.0%,0,0.0%,0,0,0.0%,0,0.0%,0,0,0.0%,0,0.0%,0,0,0.0%,0,0.0%,0,0,0.0%,0,0.0%,0,0,0.0%,0,0.0%
LINCOLN,1780,GENOA-HUGO C113,8,7,87.5%,7,87.5%,2,1,50.0%,1,50.0%,6,6,100.0%,6,100.0%,0,0,0.0%,0,0.0%,0,0,0.0%,0,0.0%,0,0,0.0%,0,0.0%,0,0,0.0%,0,0.0%,0,0,0.0%,0,0.0%,0,0,0.0%,0,0.0%,1,1,100.0%,1,100.0%,0,0,0.0%,0,0.0%,1,1,100.0%,1,100.0%,0,0,0.0%,0,0.0%,0,0,0.0%,0,0.0%,0,0,0.0%,0,0.0%,7,6,85.7%,6,85.7%,2,1,50.0%,1,50.0%,5,5,100.0%,5,100.0%,0,0,0.0%,0,0.0%,0,0,0.0%,0,0.0%,0,0,0.0%,0,0.0%,0,0,0.0%,0,0.0%,0,0,0.0%,0,0.0%,0,0,0.0%,0,0.0%
LINCOLN,1790,LIMON RE-4J,33,32,97.0%,32,97.0%,17,17,100.0%,17,100.0%,16,15,93.8%,15,93.8%,0,0,0.0%,0,0.0%,0,0,0.0%,0,0.0%,0,0,0.0%,0,0.0%,0,0,0.0%,0,0.0%,0,0,0.0%,0,0.0%,0,0,0.0%,0,0.0%,0,0,0.0%,0,0.0%,0,0,0.0%,0,0.0%,0,0,0.0%,0,0.0%,1,1,100.0%,1,100.0%,1,1,100.0%,1,100.0%,0,0,0.0%,0,0.0%,32,31,96.9%,31,96.9%,16,16,100.0%,16,100.0%,16,15,93.8%,15,93.8%,0,0,0.0%,0,0.0%,0,0,0.0%,0,0.0%,0,0,0.0%,0,0.0%,0,0,0.0%,0,0.0%,0,0,0.0%,0,0.0%,0,0,0.0%,0,0.0%
LINCOLN,1810,KARVAL RE-23,39,17,43.6%,24,61.5%,16,7,43.8%,10,62.5%,23,10,43.5%,14,60.9%,0,0,0.0%,0,0.0%,0,0,0.0%,0,0.0%,0,0,0.0%,0,0.0%,0,0,0.0%,0,0.0%,0,0,0.0%,0,0.0%,0,0,0.0%,0,0.0%,3,1,33.3%,2,66.7%,2,1,50.0%,2,100.0%,1,0,0.0%,0,0.0%,2,0,0.0%,1,50.0%,0,0,0.0%,0,0.0%,2,0,0.0%,1,50.0%,34,16,47.1%,21,61.8%,14,6,42.9%,8,57.1%,20,10,50.0%,13,65.0%,0,0,0.0%,0,0.0%,0,0,0.0%,0,0.0%,0,0,0.0%,0,0.0%,0,0,0.0%,0,0.0%,0,0,0.0%,0,0.0%,0,0,0.0%,0,0.0%
LOGAN,1828,VALLEY RE-1,176,137,77.8%,149,84.7%,92,76,82.6%,83,90.2%,84,61,72.6%,66,78.6%,0,0,0.0%,0,0.0%,0,0,0.0%,0,0.0%,0,0,0.0%,0,0.0%,0,0,0.0%,0,0.0%,0,0,0.0%,0,0.0%,0,0,0.0%,0,0.0%,1,1,100.0%,1,100.0%,1,1,100.0%,1,100.0%,0,0,0.0%,0,0.0%,36,27,75.0%,29,80.6%,22,17,77.3%,19,86.4%,14,10,71.4%,10,71.4%,137,107,78.1%,117,85.4%,68,57,83.8%,62,91.2%,69,50,72.5%,55,79.7%,1,1,100.0%,1,100.0%,0,0,0.0%,0,0.0%,1,1,100.0%,1,100.0%,1,1,100.0%,1,100.0%,1,1,100.0%,1,100.0%,0,0,0.0%,0,0.0%
LOGAN,1850,FRENCHMAN RE-3,18,18,100.0%,18,100.0%,7,7,100.0%,7,100.0%,11,11,100.0%,11,100.0%,0,0,0.0%,0,0.0%,0,0,0.0%,0,0.0%,0,0,0.0%,0,0.0%,0,0,0.0%,0,0.0%,0,0,0.0%,0,0.0%,0,0,0.0%,0,0.0%,0,0,0.0%,0,0.0%,0,0,0.0%,0,0.0%,0,0,0.0%,0,0.0%,2,2,100.0%,2,100.0%,0,0,0.0%,0,0.0%,2,2,100.0%,2,100.0%,16,16,100.0%,16,100.0%,7,7,100.0%,7,100.0%,9,9,100.0%,9,100.0%,0,0,0.0%,0,0.0%,0,0,0.0%,0,0.0%,0,0,0.0%,0,0.0%,0,0,0.0%,0,0.0%,0,0,0.0%,0,0.0%,0,0,0.0%,0,0.0%
LOGAN,1860,BUFFALO RE-4J,26,23,88.5%,25,96.2%,13,11,84.6%,12,92.3%,13,12,92.3%,13,100.0%,0,0,0.0%,0,0.0%,0,0,0.0%,0,0.0%,0,0,0.0%,0,0.0%,0,0,0.0%,0,0.0%,0,0,0.0%,0,0.0%,0,0,0.0%,0,0.0%,1,1,100.0%,1,100.0%,0,0,0.0%,0,0.0%,1,1,100.0%,1,100.0%,2,2,100.0%,2,100.0%,0,0,0.0%,0,0.0%,2,2,100.0%,2,100.0%,22,19,86.4%,21,95.5%,12,10,83.3%,11,91.7%,10,9,90.0%,10,100.0%,0,0,0.0%,0,0.0%,0,0,0.0%,0,0.0%,0,0,0.0%,0,0.0%,1,1,100.0%,1,100.0%,1,1,100.0%,1,100.0%,0,0,0.0%,0,0.0%
LOGAN,1870,PLATEAU RE-5,10,10,100.0%,10,100.0%,3,3,100.0%,3,100.0%,7,7,100.0%,7,100.0%,0,0,0.0%,0,0.0%,0,0,0.0%,0,0.0%,0,0,0.0%,0,0.0%,0,0,0.0%,0,0.0%,0,0,0.0%,0,0.0%,0,0,0.0%,0,0.0%,0,0,0.0%,0,0.0%,0,0,0.0%,0,0.0%,0,0,0.0%,0,0.0%,0,0,0.0%,0,0.0%,0,0,0.0%,0,0.0%,0,0,0.0%,0,0.0%,10,10,100.0%,10,100.0%,3,3,100.0%,3,100.0%,7,7,100.0%,7,100.0%,0,0,0.0%,0,0.0%,0,0,0.0%,0,0.0%,0,0,0.0%,0,0.0%,0,0,0.0%,0,0.0%,0,0,0.0%,0,0.0%,0,0,0.0%,0,0.0%
MESA,1980,DE BEQUE 49JT,3,2,66.7%,2,66.7%,1,1,100.0%,1,100.0%,2,1,50.0%,1,50.0%,0,0,0.0%,0,0.0%,0,0,0.0%,0,0.0%,0,0,0.0%,0,0.0%,0,0,0.0%,0,0.0%,0,0,0.0%,0,0.0%,0,0,0.0%,0,0.0%,0,0,0.0%,0,0.0%,0,0,0.0%,0,0.0%,0,0,0.0%,0,0.0%,0,0,0.0%,0,0.0%,0,0,0.0%,0,0.0%,0,0,0.0%,0,0.0%,3,2,66.7%,2,66.7%,1,1,100.0%,1,100.0%,2,1,50.0%,1,50.0%,0,0,0.0%,0,0.0%,0,0,0.0%,0,0.0%,0,0,0.0%,0,0.0%,0,0,0.0%,0,0.0%,0,0,0.0%,0,0.0%,0,0,0.0%,0,0.0%
MESA,1990,PLATEAU VALLEY 50,99,30,30.3%,48,48.5%,35,15,42.9%,21,60.0%,64,15,23.4%,27,42.2%,5,1,20.0%,1,20.0%,1,0,0.0%,0,0.0%,4,1,25.0%,1,25.0%,2,1,50.0%,1,50.0%,0,0,0.0%,0,0.0%,2,1,50.0%,1,50.0%,8,2,25.0%,4,50.0%,4,2,50.0%,3,75.0%,4,0,0.0%,1,25.0%,21,4,19.0%,8,38.1%,9,2,22.2%,3,33.3%,12,2,16.7%,5,41.7%,63,22,34.9%,34,54.0%,21,11,52.4%,15,71.4%,42,11,26.2%,19,45.2%,0,0,0.0%,0,0.0%,0,0,0.0%,0,0.0%,0,0,0.0%,0,0.0%,0,0,0.0%,0,0.0%,0,0,0.0%,0,0.0%,0,0,0.0%,0,0.0%
MESA,2000,MESA COUNTY VALLEY 51,"1,638","1,271",77.6%,"1,294",79.0%,803,652,81.2%,661,82.3%,835,619,74.1%,633,75.8%,23,13,56.5%,13,56.5%,8,5,62.5%,5,62.5%,15,8,53.3%,8,53.3%,8,8,100.0%,8,100.0%,4,4,100.0%,4,100.0%,4,4,100.0%,4,100.0%,11,6,54.5%,7,63.6%,5,3,60.0%,4,80.0%,6,3,50.0%,3,50.0%,303,197,65.0%,202,66.7%,145,96,66.2%,98,67.6%,158,101,63.9%,104,65.8%,"1,234","1,005",81.4%,"1,019",82.6%,611,520,85.1%,525,85.9%,623,485,77.8%,494,79.3%,5,4,80.0%,4,80.0%,5,4,80.0%,4,80.0%,0,0,0.0%,0,0.0%,54,38,70.4%,41,75.9%,25,20,80.0%,21,84.0%,29,18,62.1%,20,69.0%
MINERAL,2010,CREEDE SCHOOL DISTRICT,8,8,100.0%,8,100.0%,5,5,100.0%,5,100.0%,3,3,100.0%,3,100.0%,0,0,0.0%,0,0.0%,0,0,0.0%,0,0.0%,0,0,0.0%,0,0.0%,0,0,0.0%,0,0.0%,0,0,0.0%,0,0.0%,0,0,0.0%,0,0.0%,0,0,0.0%,0,0.0%,0,0,0.0%,0,0.0%,0,0,0.0%,0,0.0%,1,1,100.0%,1,100.0%,0,0,0.0%,0,0.0%,1,1,100.0%,1,100.0%,7,7,100.0%,7,100.0%,5,5,100.0%,5,100.0%,2,2,100.0%,2,100.0%,0,0,0.0%,0,0.0%,0,0,0.0%,0,0.0%,0,0,0.0%,0,0.0%,0,0,0.0%,0,0.0%,0,0,0.0%,0,0.0%,0,0,0.0%,0,0.0%
MOFFAT,2020,MOFFAT COUNTY RE:NO 1,152,132,86.8%,133,87.5%,69,65,94.2%,65,94.2%,83,67,80.7%,68,81.9%,2,1,50.0%,1,50.0%,1,1,100.0%,1,100.0%,1,0,0.0%,0,0.0%,0,0,0.0%,0,0.0%,0,0,0.0%,0,0.0%,0,0,0.0%,0,0.0%,0,0,0.0%,0,0.0%,0,0,0.0%,0,0.0%,0,0,0.0%,0,0.0%,16,13,81.3%,13,81.3%,6,5,83.3%,5,83.3%,10,8,80.0%,8,80.0%,131,115,87.8%,116,88.5%,60,57,95.0%,57,95.0%,71,58,81.7%,59,83.1%,2,2,100.0%,2,100.0%,2,2,100.0%,2,100.0%,0,0,0.0%,0,0.0%,1,1,100.0%,1,100.0%,0,0,0.0%,0,0.0%,1,1,100.0%,1,100.0%
MONTEZUMA,2035,MONTEZUMA-CORTEZ RE-1,228,119,52.2%,130,57.0%,105,63,60.0%,67,63.8%,123,56,45.5%,63,51.2%,50,12,24.0%,14,28.0%,22,6,27.3%,7,31.8%,28,6,21.4%,7,25.0%,0,0,0.0%,0,0.0%,0,0,0.0%,0,0.0%,0,0,0.0%,0,0.0%,4,2,50.0%,2,50.0%,3,2,66.7%,2,66.7%,1,0,0.0%,0,0.0%,46,29,63.0%,29,63.0%,23,17,73.9%,17,73.9%,23,12,52.2%,12,52.2%,119,71,59.7%,80,67.2%,52,34,65.4%,37,71.2%,67,37,55.2%,43,64.2%,0,0,0.0%,0,0.0%,0,0,0.0%,0,0.0%,0,0,0.0%,0,0.0%,9,5,55.6%,5,55.6%,5,4,80.0%,4,80.0%,4,1,25.0%,1,25.0%
MONTEZUMA,2055,DOLORES RE-4A,68,61,89.7%,65,95.6%,32,28,87.5%,30,93.8%,36,33,91.7%,35,97.2%,1,1,100.0%,1,100.0%,0,0,0.0%,0,0.0%,1,1,100.0%,1,100.0%,1,0,0.0%,1,100.0%,0,0,0.0%,0,0.0%,1,0,0.0%,1,100.0%,0,0,0.0%,0,0.0%,0,0,0.0%,0,0.0%,0,0,0.0%,0,0.0%,3,3,100.0%,3,100.0%,1,1,100.0%,1,100.0%,2,2,100.0%,2,100.0%,63,57,90.5%,60,95.2%,31,27,87.1%,29,93.5%,32,30,93.8%,31,96.9%,0,0,0.0%,0,0.0%,0,0,0.0%,0,0.0%,0,0,0.0%,0,0.0%,0,0,0.0%,0,0.0%,0,0,0.0%,0,0.0%,0,0,0.0%,0,0.0%
MONTEZUMA,2070,MANCOS RE-6,25,22,88.0%,23,92.0%,10,8,80.0%,9,90.0%,15,14,93.3%,14,93.3%,2,2,100.0%,2,100.0%,0,0,0.0%,0,0.0%,2,2,100.0%,2,100.0%,0,0,0.0%,0,0.0%,0,0,0.0%,0,0.0%,0,0,0.0%,0,0.0%,1,1,100.0%,1,100.0%,1,1,100.0%,1,100.0%,0,0,0.0%,0,0.0%,4,2,50.0%,2,50.0%,2,1,50.0%,1,50.0%,2,1,50.0%,1,50.0%,18,17,94.4%,18,100.0%,7,6,85.7%,7,100.0%,11,11,100.0%,11,100.0%,0,0,0.0%,0,0.0%,0,0,0.0%,0,0.0%,0,0,0.0%,0,0.0%,0,0,0.0%,0,0.0%,0,0,0.0%,0,0.0%,0,0,0.0%,0,0.0%
MONTROSE,2180,MONTROSE COUNTY RE-1J,454,324,71.4%,335,73.8%,223,174,78.0%,177,79.4%,231,150,64.9%,158,68.4%,4,2,50.0%,2,50.0%,1,0,0.0%,0,0.0%,3,2,66.7%,2,66.7%,2,2,100.0%,2,100.0%,1,1,100.0%,1,100.0%,1,1,100.0%,1,100.0%,4,3,75.0%,4,100.0%,0,0,0.0%,0,0.0%,4,3,75.0%,4,100.0%,131,82,62.6%,84,64.1%,64,46,71.9%,46,71.9%,67,36,53.7%,38,56.7%,303,228,75.2%,236,77.9%,151,123,81.5%,126,83.4%,152,105,69.1%,110,72.4%,1,1,100.0%,1,100.0%,0,0,0.0%,0,0.0%,1,1,100.0%,1,100.0%,9,6,66.7%,6,66.7%,6,4,66.7%,4,66.7%,3,2,66.7%,2,66.7%
MONTROSE,2190,WEST END RE-2,30,25,83.3%,26,86.7%,17,15,88.2%,15,88.2%,13,10,76.9%,11,84.6%,1,0,0.0%,0,0.0%,0,0,0.0%,0,0.0%,1,0,0.0%,0,0.0%,0,0,0.0%,0,0.0%,0,0,0.0%,0,0.0%,0,0,0.0%,0,0.0%,1,1,100.0%,1,100.0%,0,0,0.0%,0,0.0%,1,1,100.0%,1,100.0%,1,1,100.0%,1,100.0%,0,0,0.0%,0,0.0%,1,1,100.0%,1,100.0%,27,23,85.2%,24,88.9%,17,15,88.2%,15,88.2%,10,8,80.0%,9,90.0%,0,0,0.0%,0,0.0%,0,0,0.0%,0,0.0%,0,0,0.0%,0,0.0%,0,0,0.0%,0,0.0%,0,0,0.0%,0,0.0%,0,0,0.0%,0,0.0%
MORGAN,2395,BRUSH RE-2(J),94,79,84.0%,85,90.4%,52,45,86.5%,49,94.2%,42,34,81.0%,36,85.7%,0,0,0.0%,0,0.0%,0,0,0.0%,0,0.0%,0,0,0.0%,0,0.0%,0,0,0.0%,0,0.0%,0,0,0.0%,0,0.0%,0,0,0.0%,0,0.0%,2,2,100.0%,2,100.0%,1,1,100.0%,1,100.0%,1,1,100.0%,1,100.0%,44,34,77.3%,38,86.4%,25,19,76.0%,22,88.0%,19,15,78.9%,16,84.2%,47,42,89.4%,44,93.6%,25,24,96.0%,25,100.0%,22,18,81.8%,19,86.4%,0,0,0.0%,0,0.0%,0,0,0.0%,0,0.0%,0,0,0.0%,0,0.0%,1,1,100.0%,1,100.0%,1,1,100.0%,1,100.0%,0,0,0.0%,0,0.0%
MORGAN,2405,FORT MORGAN RE-3,227,165,72.7%,180,79.3%,121,89,73.6%,97,80.2%,106,76,71.7%,83,78.3%,3,2,66.7%,2,66.7%,1,0,0.0%,0,0.0%,2,2,100.0%,2,100.0%,1,1,100.0%,1,100.0%,1,1,100.0%,1,100.0%,0,0,0.0%,0,0.0%,9,1,11.1%,1,11.1%,5,1,20.0%,1,20.0%,4,0,0.0%,0,0.0%,124,88,71.0%,99,79.8%,67,49,73.1%,56,83.6%,57,39,68.4%,43,75.4%,88,71,80.7%,75,85.2%,46,37,80.4%,38,82.6%,42,34,81.0%,37,88.1%,0,0,0.0%,0,0.0%,0,0,0.0%,0,0.0%,0,0,0.0%,0,0.0%,2,2,100.0%,2,100.0%,1,1,100.0%,1,100.0%,1,1,100.0%,1,100.0%
MORGAN,2505,WELDON VALLEY RE-20(J),16,15,93.8%,15,93.8%,15,14,93.3%,14,93.3%,1,1,100.0%,1,100.0%,0,0,0.0%,0,0.0%,0,0,0.0%,0,0.0%,0,0,0.0%,0,0.0%,0,0,0.0%,0,0.0%,0,0,0.0%,0,0.0%,0,0,0.0%,0,0.0%,0,0,0.0%,0,0.0%,0,0,0.0%,0,0.0%,0,0,0.0%,0,0.0%,1,1,100.0%,1,100.0%,0,0,0.0%,0,0.0%,1,1,100.0%,1,100.0%,15,14,93.3%,14,93.3%,15,14,93.3%,14,93.3%,0,0,0.0%,0,0.0%,0,0,0.0%,0,0.0%,0,0,0.0%,0,0.0%,0,0,0.0%,0,0.0%,0,0,0.0%,0,0.0%,0,0,0.0%,0,0.0%,0,0,0.0%,0,0.0%
MORGAN,2515,WIGGINS RE-50(J),26,23,88.5%,24,92.3%,12,12,100.0%,12,100.0%,14,11,78.6%,12,85.7%,0,0,0.0%,0,0.0%,0,0,0.0%,0,0.0%,0,0,0.0%,0,0.0%,0,0,0.0%,0,0.0%,0,0,0.0%,0,0.0%,0,0,0.0%,0,0.0%,0,0,0.0%,0,0.0%,0,0,0.0%,0,0.0%,0,0,0.0%,0,0.0%,9,7,77.8%,7,77.8%,5,5,100.0%,5,100.0%,4,2,50.0%,2,50.0%,17,16,94.1%,17,100.0%,7,7,100.0%,7,100.0%,10,9,90.0%,10,100.0%,0,0,0.0%,0,0.0%,0,0,0.0%,0,0.0%,0,0,0.0%,0,0.0%,0,0,0.0%,0,0.0%,0,0,0.0%,0,0.0%,0,0,0.0%,0,0.0%
OTERO,2520,EAST OTERO R-1,107,83,77.6%,88,82.2%,59,50,84.7%,53,89.8%,48,33,68.8%,35,72.9%,0,0,0.0%,0,0.0%,0,0,0.0%,0,0.0%,0,0,0.0%,0,0.0%,0,0,0.0%,0,0.0%,0,0,0.0%,0,0.0%,0,0,0.0%,0,0.0%,0,0,0.0%,0,0.0%,0,0,0.0%,0,0.0%,0,0,0.0%,0,0.0%,57,43,75.4%,46,80.7%,36,28,77.8%,30,83.3%,21,15,71.4%,16,76.2%,47,37,78.7%,39,83.0%,21,20,95.2%,21,100.0%,26,17,65.4%,18,69.2%,0,0,0.0%,0,0.0%,0,0,0.0%,0,0.0%,0,0,0.0%,0,0.0%,3,3,100.0%,3,100.0%,2,2,100.0%,2,100.0%,1,1,100.0%,1,100.0%
OTERO,2530,ROCKY FORD R-2,46,29,63.0%,36,78.3%,16,12,75.0%,14,87.5%,30,17,56.7%,22,73.3%,0,0,0.0%,0,0.0%,0,0,0.0%,0,0.0%,0,0,0.0%,0,0.0%,2,1,50.0%,1,50.0%,1,1,100.0%,1,100.0%,1,0,0.0%,0,0.0%,0,0,0.0%,0,0.0%,0,0,0.0%,0,0.0%,0,0,0.0%,0,0.0%,30,17,56.7%,23,76.7%,10,6,60.0%,8,80.0%,20,11,55.0%,15,75.0%,14,11,78.6%,12,85.7%,5,5,100.0%,5,100.0%,9,6,66.7%,7,77.8%,0,0,0.0%,0,0.0%,0,0,0.0%,0,0.0%,0,0,0.0%,0,0.0%,0,0,0.0%,0,0.0%,0,0,0.0%,0,0.0%,0,0,0.0%,0,0.0%
OTERO,2535,MANZANOLA 3J,12,9,75.0%,9,75.0%,2,2,100.0%,2,100.0%,10,7,70.0%,7,70.0%,0,0,0.0%,0,0.0%,0,0,0.0%,0,0.0%,0,0,0.0%,0,0.0%,0,0,0.0%,0,0.0%,0,0,0.0%,0,0.0%,0,0,0.0%,0,0.0%,0,0,0.0%,0,0.0%,0,0,0.0%,0,0.0%,0,0,0.0%,0,0.0%,7,5,71.4%,5,71.4%,1,1,100.0%,1,100.0%,6,4,66.7%,4,66.7%,5,4,80.0%,4,80.0%,1,1,100.0%,1,100.0%,4,3,75.0%,3,75.0%,0,0,0.0%,0,0.0%,0,0,0.0%,0,0.0%,0,0,0.0%,0,0.0%,0,0,0.0%,0,0.0%,0,0,0.0%,0,0.0%,0,0,0.0%,0,0.0%
OTERO,2540,FOWLER R-4J,21,18,85.7%,19,90.5%,11,10,90.9%,10,90.9%,10,8,80.0%,9,90.0%,0,0,0.0%,0,0.0%,0,0,0.0%,0,0.0%,0,0,0.0%,0,0.0%,0,0,0.0%,0,0.0%,0,0,0.0%,0,0.0%,0,0,0.0%,0,0.0%,0,0,0.0%,0,0.0%,0,0,0.0%,0,0.0%,0,0,0.0%,0,0.0%,5,4,80.0%,4,80.0%,3,2,66.7%,2,66.7%,2,2,100.0%,2,100.0%,16,14,87.5%,15,93.8%,8,8,100.0%,8,100.0%,8,6,75.0%,7,87.5%,0,0,0.0%,0,0.0%,0,0,0.0%,0,0.0%,0,0,0.0%,0,0.0%,0,0,0.0%,0,0.0%,0,0,0.0%,0,0.0%,0,0,0.0%,0,0.0%
OTERO,2560,CHERAW 31,9,9,100.0%,9,100.0%,5,5,100.0%,5,100.0%,4,4,100.0%,4,100.0%,0,0,0.0%,0,0.0%,0,0,0.0%,0,0.0%,0,0,0.0%,0,0.0%,0,0,0.0%,0,0.0%,0,0,0.0%,0,0.0%,0,0,0.0%,0,0.0%,0,0,0.0%,0,0.0%,0,0,0.0%,0,0.0%,0,0,0.0%,0,0.0%,2,2,100.0%,2,100.0%,1,1,100.0%,1,100.0%,1,1,100.0%,1,100.0%,6,6,100.0%,6,100.0%,3,3,100.0%,3,100.0%,3,3,100.0%,3,100.0%,0,0,0.0%,0,0.0%,0,0,0.0%,0,0.0%,0,0,0.0%,0,0.0%,1,1,100.0%,1,100.0%,1,1,100.0%,1,100.0%,0,0,0.0%,0,0.0%
OTERO,2570,SWINK 33,23,22,95.7%,23,100.0%,10,9,90.0%,10,100.0%,13,13,100.0%,13,100.0%,0,0,0.0%,0,0.0%,0,0,0.0%,0,0.0%,0,0,0.0%,0,0.0%,0,0,0.0%,0,0.0%,0,0,0.0%,0,0.0%,0,0,0.0%,0,0.0%,0,0,0.0%,0,0.0%,0,0,0.0%,0,0.0%,0,0,0.0%,0,0.0%,5,4,80.0%,5,100.0%,1,0,0.0%,1,100.0%,4,4,100.0%,4,100.0%,18,18,100.0%,18,100.0%,9,9,100.0%,9,100.0%,9,9,100.0%,9,100.0%,0,0,0.0%,0,0.0%,0,0,0.0%,0,0.0%,0,0,0.0%,0,0.0%,0,0,0.0%,0,0.0%,0,0,0.0%,0,0.0%,0,0,0.0%,0,0.0%
OURAY,2580,OURAY R-1,10,7,70.0%,7,70.0%,3,3,100.0%,3,100.0%,7,4,57.1%,4,57.1%,0,0,0.0%,0,0.0%,0,0,0.0%,0,0.0%,0,0,0.0%,0,0.0%,0,0,0.0%,0,0.0%,0,0,0.0%,0,0.0%,0,0,0.0%,0,0.0%,0,0,0.0%,0,0.0%,0,0,0.0%,0,0.0%,0,0,0.0%,0,0.0%,1,1,100.0%,1,100.0%,1,1,100.0%,1,100.0%,0,0,0.0%,0,0.0%,9,6,66.7%,6,66.7%,2,2,100.0%,2,100.0%,7,4,57.1%,4,57.1%,0,0,0.0%,0,0.0%,0,0,0.0%,0,0.0%,0,0,0.0%,0,0.0%,0,0,0.0%,0,0.0%,0,0,0.0%,0,0.0%,0,0,0.0%,0,0.0%
OURAY,2590,RIDGWAY R-2,28,28,100.0%,28,100.0%,13,13,100.0%,13,100.0%,15,15,100.0%,15,100.0%,1,1,100.0%,1,100.0%,0,0,0.0%,0,0.0%,1,1,100.0%,1,100.0%,0,0,0.0%,0,0.0%,0,0,0.0%,0,0.0%,0,0,0.0%,0,0.0%,0,0,0.0%,0,0.0%,0,0,0.0%,0,0.0%,0,0,0.0%,0,0.0%,2,2,100.0%,2,100.0%,0,0,0.0%,0,0.0%,2,2,100.0%,2,100.0%,25,25,100.0%,25,100.0%,13,13,100.0%,13,100.0%,12,12,100.0%,12,100.0%,0,0,0.0%,0,0.0%,0,0,0.0%,0,0.0%,0,0,0.0%,0,0.0%,0,0,0.0%,0,0.0%,0,0,0.0%,0,0.0%,0,0,0.0%,0,0.0%
PARK,2600,PLATTE CANYON 1,80,60,75.0%,61,76.3%,33,25,75.8%,25,75.8%,47,35,74.5%,36,76.6%,0,0,0.0%,0,0.0%,0,0,0.0%,0,0.0%,0,0,0.0%,0,0.0%,3,2,66.7%,2,66.7%,2,2,100.0%,2,100.0%,1,0,0.0%,0,0.0%,0,0,0.0%,0,0.0%,0,0,0.0%,0,0.0%,0,0,0.0%,0,0.0%,3,1,33.3%,1,33.3%,3,1,33.3%,1,33.3%,0,0,0.0%,0,0.0%,69,52,75.4%,53,76.8%,26,20,76.9%,20,76.9%,43,32,74.4%,33,76.7%,0,0,0.0%,0,0.0%,0,0,0.0%,0,0.0%,0,0,0.0%,0,0.0%,5,5,100.0%,5,100.0%,2,2,100.0%,2,100.0%,3,3,100.0%,3,100.0%
PARK,2610,PARK COUNTY RE-2,34,30,88.2%,30,88.2%,14,13,92.9%,13,92.9%,20,17,85.0%,17,85.0%,0,0,0.0%,0,0.0%,0,0,0.0%,0,0.0%,0,0,0.0%,0,0.0%,0,0,0.0%,0,0.0%,0,0,0.0%,0,0.0%,0,0,0.0%,0,0.0%,0,0,0.0%,0,0.0%,0,0,0.0%,0,0.0%,0,0,0.0%,0,0.0%,4,4,100.0%,4,100.0%,1,1,100.0%,1,100.0%,3,3,100.0%,3,100.0%,29,25,86.2%,25,86.2%,13,12,92.3%,12,92.3%,16,13,81.3%,13,81.3%,0,0,0.0%,0,0.0%,0,0,0.0%,0,0.0%,0,0,0.0%,0,0.0%,1,1,100.0%,1,100.0%,0,0,0.0%,0,0.0%,1,1,100.0%,1,100.0%
PHILLIPS,2620,HOLYOKE RE-1J,44,37,84.1%,38,86.4%,21,19,90.5%,19,90.5%,23,18,78.3%,19,82.6%,0,0,0.0%,0,0.0%,0,0,0.0%,0,0.0%,0,0,0.0%,0,0.0%,0,0,0.0%,0,0.0%,0,0,0.0%,0,0.0%,0,0,0.0%,0,0.0%,0,0,0.0%,0,0.0%,0,0,0.0%,0,0.0%,0,0,0.0%,0,0.0%,17,13,76.5%,13,76.5%,7,5,71.4%,5,71.4%,10,8,80.0%,8,80.0%,26,23,88.5%,24,92.3%,14,14,100.0%,14,100.0%,12,9,75.0%,10,83.3%,0,0,0.0%,0,0.0%,0,0,0.0%,0,0.0%,0,0,0.0%,0,0.0%,1,1,100.0%,1,100.0%,0,0,0.0%,0,0.0%,1,1,100.0%,1,100.0%
PHILLIPS,2630,HAXTUN RE-2J,17,17,100.0%,17,100.0%,6,6,100.0%,6,100.0%,11,11,100.0%,11,100.0%,0,0,0.0%,0,0.0%,0,0,0.0%,0,0.0%,0,0,0.0%,0,0.0%,1,1,100.0%,1,100.0%,0,0,0.0%,0,0.0%,1,1,100.0%,1,100.0%,0,0,0.0%,0,0.0%,0,0,0.0%,0,0.0%,0,0,0.0%,0,0.0%,1,1,100.0%,1,100.0%,1,1,100.0%,1,100.0%,0,0,0.0%,0,0.0%,15,15,100.0%,15,100.0%,5,5,100.0%,5,100.0%,10,10,100.0%,10,100.0%,0,0,0.0%,0,0.0%,0,0,0.0%,0,0.0%,0,0,0.0%,0,0.0%,0,0,0.0%,0,0.0%,0,0,0.0%,0,0.0%,0,0,0.0%,0,0.0%
PITKIN,2640,ASPEN 1,121,117,96.7%,117,96.7%,58,57,98.3%,57,98.3%,63,60,95.2%,60,95.2%,1,1,100.0%,1,100.0%,1,1,100.0%,1,100.0%,0,0,0.0%,0,0.0%,3,3,100.0%,3,100.0%,2,2,100.0%,2,100.0%,1,1,100.0%,1,100.0%,0,0,0.0%,0,0.0%,0,0,0.0%,0,0.0%,0,0,0.0%,0,0.0%,15,12,80.0%,12,80.0%,9,8,88.9%,8,88.9%,6,4,66.7%,4,66.7%,102,101,99.0%,101,99.0%,46,46,100.0%,46,100.0%,56,55,98.2%,55,98.2%,0,0,0.0%,0,0.0%,0,0,0.0%,0,0.0%,0,0,0.0%,0,0.0%,0,0,0.0%,0,0.0%,0,0,0.0%,0,0.0%,0,0,0.0%,0,0.0%
PROWERS,2650,GRANADA RE-1,23,19,82.6%,19,82.6%,7,6,85.7%,6,85.7%,16,13,81.3%,13,81.3%,0,0,0.0%,0,0.0%,0,0,0.0%,0,0.0%,0,0,0.0%,0,0.0%,0,0,0.0%,0,0.0%,0,0,0.0%,0,0.0%,0,0,0.0%,0,0.0%,0,0,0.0%,0,0.0%,0,0,0.0%,0,0.0%,0,0,0.0%,0,0.0%,16,15,93.8%,15,93.8%,6,5,83.3%,5,83.3%,10,10,100.0%,10,100.0%,7,4,57.1%,4,57.1%,1,1,100.0%,1,100.0%,6,3,50.0%,3,50.0%,0,0,0.0%,0,0.0%,0,0,0.0%,0,0.0%,0,0,0.0%,0,0.0%,0,0,0.0%,0,0.0%,0,0,0.0%,0,0.0%,0,0,0.0%,0,0.0%
PROWERS,2660,LAMAR RE-2,116,84,72.4%,88,75.9%,59,45,76.3%,45,76.3%,57,39,68.4%,43,75.4%,2,1,50.0%,1,50.0%,2,1,50.0%,1,50.0%,0,0,0.0%,0,0.0%,2,2,100.0%,2,100.0%,1,1,100.0%,1,100.0%,1,1,100.0%,1,100.0%,4,3,75.0%,3,75.0%,1,1,100.0%,1,100.0%,3,2,66.7%,2,66.7%,58,41,70.7%,43,74.1%,30,24,80.0%,24,80.0%,28,17,60.7%,19,67.9%,49,36,73.5%,38,77.6%,25,18,72.0%,18,72.0%,24,18,75.0%,20,83.3%,0,0,0.0%,0,0.0%,0,0,0.0%,0,0.0%,0,0,0.0%,0,0.0%,1,1,100.0%,1,100.0%,0,0,0.0%,0,0.0%,1,1,100.0%,1,100.0%
PROWERS,2670,HOLLY RE-3,17,15,88.2%,15,88.2%,7,5,71.4%,5,71.4%,10,10,100.0%,10,100.0%,0,0,0.0%,0,0.0%,0,0,0.0%,0,0.0%,0,0,0.0%,0,0.0%,0,0,0.0%,0,0.0%,0,0,0.0%,0,0.0%,0,0,0.0%,0,0.0%,0,0,0.0%,0,0.0%,0,0,0.0%,0,0.0%,0,0,0.0%,0,0.0%,5,4,80.0%,4,80.0%,3,2,66.7%,2,66.7%,2,2,100.0%,2,100.0%,12,11,91.7%,11,91.7%,4,3,75.0%,3,75.0%,8,8,100.0%,8,100.0%,0,0,0.0%,0,0.0%,0,0,0.0%,0,0.0%,0,0,0.0%,0,0.0%,0,0,0.0%,0,0.0%,0,0,0.0%,0,0.0%,0,0,0.0%,0,0.0%
PROWERS,2680,WILEY RE-13 JT,25,22,88.0%,22,88.0%,14,12,85.7%,12,85.7%,11,10,90.9%,10,90.9%,0,0,0.0%,0,0.0%,0,0,0.0%,0,0.0%,0,0,0.0%,0,0.0%,0,0,0.0%,0,0.0%,0,0,0.0%,0,0.0%,0,0,0.0%,0,0.0%,0,0,0.0%,0,0.0%,0,0,0.0%,0,0.0%,0,0,0.0%,0,0.0%,6,5,83.3%,5,83.3%,2,2,100.0%,2,100.0%,4,3,75.0%,3,75.0%,19,17,89.5%,17,89.5%,12,10,83.3%,10,83.3%,7,7,100.0%,7,100.0%,0,0,0.0%,0,0.0%,0,0,0.0%,0,0.0%,0,0,0.0%,0,0.0%,0,0,0.0%,0,0.0%,0,0,0.0%,0,0.0%,0,0,0.0%,0,0.0%
PUEBLO,2690,PUEBLO CITY 60,"1,126",789,70.1%,826,73.4%,549,431,78.5%,448,81.6%,577,358,62.0%,378,65.5%,11,4,36.4%,4,36.4%,5,2,40.0%,2,40.0%,6,2,33.3%,2,33.3%,4,4,100.0%,4,100.0%,2,2,100.0%,2,100.0%,2,2,100.0%,2,100.0%,29,19,65.5%,20,69.0%,10,6,60.0%,6,60.0%,19,13,68.4%,14,73.7%,653,430,65.8%,457,70.0%,315,238,75.6%,250,79.4%,338,192,56.8%,207,61.2%,421,325,77.2%,334,79.3%,212,178,84.0%,183,86.3%,209,147,70.3%,151,72.2%,0,0,0.0%,0,0.0%,0,0,0.0%,0,0.0%,0,0,0.0%,0,0.0%,8,7,87.5%,7,87.5%,5,5,100.0%,5,100.0%,3,2,66.7%,2,66.7%
PUEBLO,2700,PUEBLO COUNTY 70,669,554,82.8%,591,88.3%,305,262,85.9%,273,89.5%,364,292,80.2%,318,87.4%,1,0,0.0%,0,0.0%,0,0,0.0%,0,0.0%,1,0,0.0%,0,0.0%,6,5,83.3%,5,83.3%,1,1,100.0%,1,100.0%,5,4,80.0%,4,80.0%,12,6,50.0%,8,66.7%,3,1,33.3%,2,66.7%,9,5,55.6%,6,66.7%,189,155,82.0%,163,86.2%,82,70,85.4%,72,87.8%,107,85,79.4%,91,85.0%,453,381,84.1%,408,90.1%,215,187,87.0%,195,90.7%,238,194,81.5%,213,89.5%,0,0,0.0%,0,0.0%,0,0,0.0%,0,0.0%,0,0,0.0%,0,0.0%,8,7,87.5%,7,87.5%,4,3,75.0%,3,75.0%,4,4,100.0%,4,100.0%
RIO BLANCO,2710,MEEKER RE1,45,44,97.8%,44,97.8%,28,28,100.0%,28,100.0%,17,16,94.1%,16,94.1%,0,0,0.0%,0,0.0%,0,0,0.0%,0,0.0%,0,0,0.0%,0,0.0%,0,0,0.0%,0,0.0%,0,0,0.0%,0,0.0%,0,0,0.0%,0,0.0%,1,1,100.0%,1,100.0%,0,0,0.0%,0,0.0%,1,1,100.0%,1,100.0%,4,4,100.0%,4,100.0%,3,3,100.0%,3,100.0%,1,1,100.0%,1,100.0%,39,38,97.4%,38,97.4%,25,25,100.0%,25,100.0%,14,13,92.9%,13,92.9%,1,1,100.0%,1,100.0%,0,0,0.0%,0,0.0%,1,1,100.0%,1,100.0%,0,0,0.0%,0,0.0%,0,0,0.0%,0,0.0%,0,0,0.0%,0,0.0%
RIO BLANCO,2720,RANGELY RE-4,35,32,91.4%,32,91.4%,15,15,100.0%,15,100.0%,20,17,85.0%,17,85.0%,0,0,0.0%,0,0.0%,0,0,0.0%,0,0.0%,0,0,0.0%,0,0.0%,0,0,0.0%,0,0.0%,0,0,0.0%,0,0.0%,0,0,0.0%,0,0.0%,1,0,0.0%,0,0.0%,0,0,0.0%,0,0.0%,1,0,0.0%,0,0.0%,5,5,100.0%,5,100.0%,4,4,100.0%,4,100.0%,1,1,100.0%,1,100.0%,28,26,92.9%,26,92.9%,11,11,100.0%,11,100.0%,17,15,88.2%,15,88.2%,1,1,100.0%,1,100.0%,0,0,0.0%,0,0.0%,1,1,100.0%,1,100.0%,0,0,0.0%,0,0.0%,0,0,0.0%,0,0.0%,0,0,0.0%,0,0.0%
RIO GRANDE,2730,DEL NORTE C-7,37,36,97.3%,36,97.3%,13,13,100.0%,13,100.0%,24,23,95.8%,23,95.8%,0,0,0.0%,0,0.0%,0,0,0.0%,0,0.0%,0,0,0.0%,0,0.0%,0,0,0.0%,0,0.0%,0,0,0.0%,0,0.0%,0,0,0.0%,0,0.0%,0,0,0.0%,0,0.0%,0,0,0.0%,0,0.0%,0,0,0.0%,0,0.0%,18,18,100.0%,18,100.0%,6,6,100.0%,6,100.0%,12,12,100.0%,12,100.0%,19,18,94.7%,18,94.7%,7,7,100.0%,7,100.0%,12,11,91.7%,11,91.7%,0,0,0.0%,0,0.0%,0,0,0.0%,0,0.0%,0,0,0.0%,0,0.0%,0,0,0.0%,0,0.0%,0,0,0.0%,0,0.0%,0,0,0.0%,0,0.0%
RIO GRANDE,2740,MONTE VISTA C-8,100,66,66.0%,76,76.0%,57,39,68.4%,43,75.4%,43,27,62.8%,33,76.7%,0,0,0.0%,0,0.0%,0,0,0.0%,0,0.0%,0,0,0.0%,0,0.0%,0,0,0.0%,0,0.0%,0,0,0.0%,0,0.0%,0,0,0.0%,0,0.0%,0,0,0.0%,0,0.0%,0,0,0.0%,0,0.0%,0,0,0.0%,0,0.0%,56,39,69.6%,45,80.4%,34,24,70.6%,26,76.5%,22,15,68.2%,19,86.4%,43,26,60.5%,30,69.8%,23,15,65.2%,17,73.9%,20,11,55.0%,13,65.0%,0,0,0.0%,0,0.0%,0,0,0.0%,0,0.0%,0,0,0.0%,0,0.0%,1,1,100.0%,1,100.0%,0,0,0.0%,0,0.0%,1,1,100.0%,1,100.0%
RIO GRANDE,2750,SARGENT RE-33J,23,22,95.7%,22,95.7%,11,11,100.0%,11,100.0%,12,11,91.7%,11,91.7%,0,0,0.0%,0,0.0%,0,0,0.0%,0,0.0%,0,0,0.0%,0,0.0%,1,1,100.0%,1,100.0%,1,1,100.0%,1,100.0%,0,0,0.0%,0,0.0%,0,0,0.0%,0,0.0%,0,0,0.0%,0,0.0%,0,0,0.0%,0,0.0%,7,6,85.7%,6,85.7%,6,6,100.0%,6,100.0%,1,0,0.0%,0,0.0%,15,15,100.0%,15,100.0%,4,4,100.0%,4,100.0%,11,11,100.0%,11,100.0%,0,0,0.0%,0,0.0%,0,0,0.0%,0,0.0%,0,0,0.0%,0,0.0%,0,0,0.0%,0,0.0%,0,0,0.0%,0,0.0%,0,0,0.0%,0,0.0%
ROUTT,2760,HAYDEN RE-1,32,31,96.9%,31,96.9%,8,8,100.0%,8,100.0%,24,23,95.8%,23,95.8%,0,0,0.0%,0,0.0%,0,0,0.0%,0,0.0%,0,0,0.0%,0,0.0%,0,0,0.0%,0,0.0%,0,0,0.0%,0,0.0%,0,0,0.0%,0,0.0%,0,0,0.0%,0,0.0%,0,0,0.0%,0,0.0%,0,0,0.0%,0,0.0%,1,1,100.0%,1,100.0%,0,0,0.0%,0,0.0%,1,1,100.0%,1,100.0%,31,30,96.8%,30,96.8%,8,8,100.0%,8,100.0%,23,22,95.7%,22,95.7%,0,0,0.0%,0,0.0%,0,0,0.0%,0,0.0%,0,0,0.0%,0,0.0%,0,0,0.0%,0,0.0%,0,0,0.0%,0,0.0%,0,0,0.0%,0,0.0%
ROUTT,2770,STEAMBOAT SPRINGS RE-2,158,138,87.3%,141,89.2%,77,68,88.3%,68,88.3%,81,70,86.4%,73,90.1%,0,0,0.0%,0,0.0%,0,0,0.0%,0,0.0%,0,0,0.0%,0,0.0%,0,0,0.0%,0,0.0%,0,0,0.0%,0,0.0%,0,0,0.0%,0,0.0%,0,0,0.0%,0,0.0%,0,0,0.0%,0,0.0%,0,0,0.0%,0,0.0%,15,9,60.0%,9,60.0%,7,4,57.1%,4,57.1%,8,5,62.5%,5,62.5%,139,126,90.6%,129,92.8%,68,62,91.2%,62,91.2%,71,64,90.1%,67,94.4%,1,1,100.0%,1,100.0%,1,1,100.0%,1,100.0%,0,0,0.0%,0,0.0%,3,2,66.7%,2,66.7%,1,1,100.0%,1,100.0%,2,1,50.0%,1,50.0%
ROUTT,2780,SOUTH ROUTT RE 3,18,18,100.0%,18,100.0%,11,11,100.0%,11,100.0%,7,7,100.0%,7,100.0%,0,0,0.0%,0,0.0%,0,0,0.0%,0,0.0%,0,0,0.0%,0,0.0%,0,0,0.0%,0,0.0%,0,0,0.0%,0,0.0%,0,0,0.0%,0,0.0%,0,0,0.0%,0,0.0%,0,0,0.0%,0,0.0%,0,0,0.0%,0,0.0%,0,0,0.0%,0,0.0%,0,0,0.0%,0,0.0%,0,0,0.0%,0,0.0%,17,17,100.0%,17,100.0%,11,11,100.0%,11,100.0%,6,6,100.0%,6,100.0%,0,0,0.0%,0,0.0%,0,0,0.0%,0,0.0%,0,0,0.0%,0,0.0%,1,1,100.0%,1,100.0%,0,0,0.0%,0,0.0%,1,1,100.0%,1,100.0%
SAGUACHE,2790,MOUNTAIN VALLEY RE 1,3,3,100.0%,3,100.0%,1,1,100.0%,1,100.0%,2,2,100.0%,2,100.0%,0,0,0.0%,0,0.0%,0,0,0.0%,0,0.0%,0,0,0.0%,0,0.0%,0,0,0.0%,0,0.0%,0,0,0.0%,0,0.0%,0,0,0.0%,0,0.0%,0,0,0.0%,0,0.0%,0,0,0.0%,0,0.0%,0,0,0.0%,0,0.0%,1,1,100.0%,1,100.0%,0,0,0.0%,0,0.0%,1,1,100.0%,1,100.0%,2,2,100.0%,2,100.0%,1,1,100.0%,1,100.0%,1,1,100.0%,1,100.0%,0,0,0.0%,0,0.0%,0,0,0.0%,0,0.0%,0,0,0.0%,0,0.0%,0,0,0.0%,0,0.0%,0,0,0.0%,0,0.0%,0,0,0.0%,0,0.0%
SAGUACHE,2800,MOFFAT 2,19,13,68.4%,13,68.4%,8,7,87.5%,7,87.5%,11,6,54.5%,6,54.5%,2,2,100.0%,2,100.0%,2,2,100.0%,2,100.0%,0,0,0.0%,0,0.0%,0,0,0.0%,0,0.0%,0,0,0.0%,0,0.0%,0,0,0.0%,0,0.0%,1,1,100.0%,1,100.0%,0,0,0.0%,0,0.0%,1,1,100.0%,1,100.0%,3,1,33.3%,1,33.3%,1,0,0.0%,0,0.0%,2,1,50.0%,1,50.0%,13,9,69.2%,9,69.2%,5,5,100.0%,5,100.0%,8,4,50.0%,4,50.0%,0,0,0.0%,0,0.0%,0,0,0.0%,0,0.0%,0,0,0.0%,0,0.0%,0,0,0.0%,0,0.0%,0,0,0.0%,0,0.0%,0,0,0.0%,0,0.0%
SAGUACHE,2810,CENTER 26 JT,49,36,73.5%,36,73.5%,27,20,74.1%,20,74.1%,22,16,72.7%,16,72.7%,0,0,0.0%,0,0.0%,0,0,0.0%,0,0.0%,0,0,0.0%,0,0.0%,0,0,0.0%,0,0.0%,0,0,0.0%,0,0.0%,0,0,0.0%,0,0.0%,0,0,0.0%,0,0.0%,0,0,0.0%,0,0.0%,0,0,0.0%,0,0.0%,44,32,72.7%,32,72.7%,25,18,72.0%,18,72.0%,19,14,73.7%,14,73.7%,5,4,80.0%,4,80.0%,2,2,100.0%,2,100.0%,3,2,66.7%,2,66.7%,0,0,0.0%,0,0.0%,0,0,0.0%,0,0.0%,0,0,0.0%,0,0.0%,0,0,0.0%,0,0.0%,0,0,0.0%,0,0.0%,0,0,0.0%,0,0.0%
SAN JUAN,2820,SILVERTON 1,3,2,66.7%,2,66.7%,1,1,100.0%,1,100.0%,2,1,50.0%,1,50.0%,0,0,0.0%,0,0.0%,0,0,0.0%,0,0.0%,0,0,0.0%,0,0.0%,0,0,0.0%,0,0.0%,0,0,0.0%,0,0.0%,0,0,0.0%,0,0.0%,0,0,0.0%,0,0.0%,0,0,0.0%,0,0.0%,0,0,0.0%,0,0.0%,2,1,50.0%,1,50.0%,0,0,0.0%,0,0.0%,2,1,50.0%,1,50.0%,1,1,100.0%,1,100.0%,1,1,100.0%,1,100.0%,0,0,0.0%,0,0.0%,0,0,0.0%,0,0.0%,0,0,0.0%,0,0.0%,0,0,0.0%,0,0.0%,0,0,0.0%,0,0.0%,0,0,0.0%,0,0.0%,0,0,0.0%,0,0.0%
SAN MIGUEL,2830,TELLURIDE R-1,52,48,92.3%,50,96.2%,29,29,100.0%,29,100.0%,23,19,82.6%,21,91.3%,0,0,0.0%,0,0.0%,0,0,0.0%,0,0.0%,0,0,0.0%,0,0.0%,1,1,100.0%,1,100.0%,0,0,0.0%,0,0.0%,1,1,100.0%,1,100.0%,0,0,0.0%,0,0.0%,0,0,0.0%,0,0.0%,0,0,0.0%,0,0.0%,6,5,83.3%,5,83.3%,3,3,100.0%,3,100.0%,3,2,66.7%,2,66.7%,42,40,95.2%,41,97.6%,26,26,100.0%,26,100.0%,16,14,87.5%,15,93.8%,0,0,0.0%,0,0.0%,0,0,0.0%,0,0.0%,0,0,0.0%,0,0.0%,3,2,66.7%,3,100.0%,0,0,0.0%,0,0.0%,3,2,66.7%,3,100.0%
SAN MIGUEL,2840,NORWOOD R-2J,12,12,100.0%,12,100.0%,7,7,100.0%,7,100.0%,5,5,100.0%,5,100.0%,0,0,0.0%,0,0.0%,0,0,0.0%,0,0.0%,0,0,0.0%,0,0.0%,0,0,0.0%,0,0.0%,0,0,0.0%,0,0.0%,0,0,0.0%,0,0.0%,0,0,0.0%,0,0.0%,0,0,0.0%,0,0.0%,0,0,0.0%,0,0.0%,0,0,0.0%,0,0.0%,0,0,0.0%,0,0.0%,0,0,0.0%,0,0.0%,12,12,100.0%,12,100.0%,7,7,100.0%,7,100.0%,5,5,100.0%,5,100.0%,0,0,0.0%,0,0.0%,0,0,0.0%,0,0.0%,0,0,0.0%,0,0.0%,0,0,0.0%,0,0.0%,0,0,0.0%,0,0.0%,0,0,0.0%,0,0.0%
SEDGWICK,2862,JULESBURG RE-1,366,76,20.8%,106,29.0%,201,48,23.9%,65,32.3%,165,28,17.0%,41,24.8%,11,3,27.3%,4,36.4%,7,3,42.9%,3,42.9%,4,0,0.0%,1,25.0%,5,2,40.0%,2,40.0%,5,2,40.0%,2,40.0%,0,0,0.0%,0,0.0%,11,3,27.3%,5,45.5%,5,2,40.0%,3,60.0%,6,1,16.7%,2,33.3%,62,8,12.9%,10,16.1%,39,7,17.9%,9,23.1%,23,1,4.3%,1,4.3%,274,59,21.5%,84,30.7%,145,34,23.4%,48,33.1%,129,25,19.4%,36,27.9%,2,0,0.0%,0,0.0%,0,0,0.0%,0,0.0%,2,0,0.0%,0,0.0%,1,1,100.0%,1,100.0%,0,0,0.0%,0,0.0%,1,1,100.0%,1,100.0%
SEDGWICK,2865,PLATTE VALLEY RE-3,6,6,100.0%,6,100.0%,4,4,100.0%,4,100.0%,2,2,100.0%,2,100.0%,0,0,0.0%,0,0.0%,0,0,0.0%,0,0.0%,0,0,0.0%,0,0.0%,1,1,100.0%,1,100.0%,1,1,100.0%,1,100.0%,0,0,0.0%,0,0.0%,0,0,0.0%,0,0.0%,0,0,0.0%,0,0.0%,0,0,0.0%,0,0.0%,0,0,0.0%,0,0.0%,0,0,0.0%,0,0.0%,0,0,0.0%,0,0.0%,5,5,100.0%,5,100.0%,3,3,100.0%,3,100.0%,2,2,100.0%,2,100.0%,0,0,0.0%,0,0.0%,0,0,0.0%,0,0.0%,0,0,0.0%,0,0.0%,0,0,0.0%,0,0.0%,0,0,0.0%,0,0.0%,0,0,0.0%,0,0.0%
SUMMIT,3000,SUMMIT RE-1,201,176,87.6%,178,88.6%,104,98,94.2%,98,94.2%,97,78,80.4%,80,82.5%,1,1,100.0%,1,100.0%,1,1,100.0%,1,100.0%,0,0,0.0%,0,0.0%,0,0,0.0%,0,0.0%,0,0,0.0%,0,0.0%,0,0,0.0%,0,0.0%,2,1,50.0%,1,50.0%,0,0,0.0%,0,0.0%,2,1,50.0%,1,50.0%,53,41,77.4%,42,79.2%,25,24,96.0%,24,96.0%,28,17,60.7%,18,64.3%,140,129,92.1%,130,92.9%,75,71,94.7%,71,94.7%,65,58,89.2%,59,90.8%,0,0,0.0%,0,0.0%,0,0,0.0%,0,0.0%,0,0,0.0%,0,0.0%,5,4,80.0%,4,80.0%,3,2,66.7%,2,66.7%,2,2,100.0%,2,100.0%
TELLER,3010,CRIPPLE CREEK-VICTOR RE-1,30,21,70.0%,24,80.0%,16,12,75.0%,13,81.3%,14,9,64.3%,11,78.6%,1,1,100.0%,1,100.0%,1,1,100.0%,1,100.0%,0,0,0.0%,0,0.0%,0,0,0.0%,0,0.0%,0,0,0.0%,0,0.0%,0,0,0.0%,0,0.0%,0,0,0.0%,0,0.0%,0,0,0.0%,0,0.0%,0,0,0.0%,0,0.0%,5,4,80.0%,5,100.0%,3,2,66.7%,3,100.0%,2,2,100.0%,2,100.0%,24,16,66.7%,18,75.0%,12,9,75.0%,9,75.0%,12,7,58.3%,9,75.0%,0,0,0.0%,0,0.0%,0,0,0.0%,0,0.0%,0,0,0.0%,0,0.0%,0,0,0.0%,0,0.0%,0,0,0.0%,0,0.0%,0,0,0.0%,0,0.0%
TELLER,3020,WOODLAND PARK RE-2,224,179,79.9%,189,84.4%,98,86,87.8%,90,91.8%,126,93,73.8%,99,78.6%,1,1,100.0%,1,100.0%,0,0,0.0%,0,0.0%,1,1,100.0%,1,100.0%,1,1,100.0%,1,100.0%,1,1,100.0%,1,100.0%,0,0,0.0%,0,0.0%,1,0,0.0%,0,0.0%,0,0,0.0%,0,0.0%,1,0,0.0%,0,0.0%,18,13,72.2%,14,77.8%,5,4,80.0%,4,80.0%,13,9,69.2%,10,76.9%,196,159,81.1%,167,85.2%,85,76,89.4%,79,92.9%,111,83,74.8%,88,79.3%,0,0,0.0%,0,0.0%,0,0,0.0%,0,0.0%,0,0,0.0%,0,0.0%,7,5,71.4%,6,85.7%,7,5,71.4%,6,85.7%,0,0,0.0%,0,0.0%
WASHINGTON,3030,AKRON R-1,30,26,86.7%,26,86.7%,14,12,85.7%,12,85.7%,16,14,87.5%,14,87.5%,0,0,0.0%,0,0.0%,0,0,0.0%,0,0.0%,0,0,0.0%,0,0.0%,0,0,0.0%,0,0.0%,0,0,0.0%,0,0.0%,0,0,0.0%,0,0.0%,0,0,0.0%,0,0.0%,0,0,0.0%,0,0.0%,0,0,0.0%,0,0.0%,2,2,100.0%,2,100.0%,2,2,100.0%,2,100.0%,0,0,0.0%,0,0.0%,28,24,85.7%,24,85.7%,12,10,83.3%,10,83.3%,16,14,87.5%,14,87.5%,0,0,0.0%,0,0.0%,0,0,0.0%,0,0.0%,0,0,0.0%,0,0.0%,0,0,0.0%,0,0.0%,0,0,0.0%,0,0.0%,0,0,0.0%,0,0.0%
WASHINGTON,3040,ARICKAREE R-2,8,7,87.5%,7,87.5%,3,2,66.7%,2,66.7%,5,5,100.0%,5,100.0%,0,0,0.0%,0,0.0%,0,0,0.0%,0,0.0%,0,0,0.0%,0,0.0%,0,0,0.0%,0,0.0%,0,0,0.0%,0,0.0%,0,0,0.0%,0,0.0%,0,0,0.0%,0,0.0%,0,0,0.0%,0,0.0%,0,0,0.0%,0,0.0%,3,2,66.7%,2,66.7%,2,1,50.0%,1,50.0%,1,1,100.0%,1,100.0%,5,5,100.0%,5,100.0%,1,1,100.0%,1,100.0%,4,4,100.0%,4,100.0%,0,0,0.0%,0,0.0%,0,0,0.0%,0,0.0%,0,0,0.0%,0,0.0%,0,0,0.0%,0,0.0%,0,0,0.0%,0,0.0%,0,0,0.0%,0,0.0%
WASHINGTON,3050,OTIS R-3,14,13,92.9%,13,92.9%,6,6,100.0%,6,100.0%,8,7,87.5%,7,87.5%,0,0,0.0%,0,0.0%,0,0,0.0%,0,0.0%,0,0,0.0%,0,0.0%,0,0,0.0%,0,0.0%,0,0,0.0%,0,0.0%,0,0,0.0%,0,0.0%,0,0,0.0%,0,0.0%,0,0,0.0%,0,0.0%,0,0,0.0%,0,0.0%,0,0,0.0%,0,0.0%,0,0,0.0%,0,0.0%,0,0,0.0%,0,0.0%,14,13,92.9%,13,92.9%,6,6,100.0%,6,100.0%,8,7,87.5%,7,87.5%,0,0,0.0%,0,0.0%,0,0,0.0%,0,0.0%,0,0,0.0%,0,0.0%,0,0,0.0%,0,0.0%,0,0,0.0%,0,0.0%,0,0,0.0%,0,0.0%
WASHINGTON,3060,LONE STAR 101,5,5,100.0%,5,100.0%,3,3,100.0%,3,100.0%,2,2,100.0%,2,100.0%,0,0,0.0%,0,0.0%,0,0,0.0%,0,0.0%,0,0,0.0%,0,0.0%,0,0,0.0%,0,0.0%,0,0,0.0%,0,0.0%,0,0,0.0%,0,0.0%,0,0,0.0%,0,0.0%,0,0,0.0%,0,0.0%,0,0,0.0%,0,0.0%,0,0,0.0%,0,0.0%,0,0,0.0%,0,0.0%,0,0,0.0%,0,0.0%,5,5,100.0%,5,100.0%,3,3,100.0%,3,100.0%,2,2,100.0%,2,100.0%,0,0,0.0%,0,0.0%,0,0,0.0%,0,0.0%,0,0,0.0%,0,0.0%,0,0,0.0%,0,0.0%,0,0,0.0%,0,0.0%,0,0,0.0%,0,0.0%
WASHINGTON,3070,WOODLIN R-104,9,7,77.8%,8,88.9%,5,4,80.0%,5,100.0%,4,3,75.0%,3,75.0%,0,0,0.0%,0,0.0%,0,0,0.0%,0,0.0%,0,0,0.0%,0,0.0%,0,0,0.0%,0,0.0%,0,0,0.0%,0,0.0%,0,0,0.0%,0,0.0%,0,0,0.0%,0,0.0%,0,0,0.0%,0,0.0%,0,0,0.0%,0,0.0%,1,1,100.0%,1,100.0%,0,0,0.0%,0,0.0%,1,1,100.0%,1,100.0%,8,6,75.0%,7,87.5%,5,4,80.0%,5,100.0%,3,2,66.7%,2,66.7%,0,0,0.0%,0,0.0%,0,0,0.0%,0,0.0%,0,0,0.0%,0,0.0%,0,0,0.0%,0,0.0%,0,0,0.0%,0,0.0%,0,0,0.0%,0,0.0%
WELD,3080,WELD COUNTY RE-1,100,83,83.0%,84,84.0%,46,42,91.3%,42,91.3%,54,41,75.9%,42,77.8%,0,0,0.0%,0,0.0%,0,0,0.0%,0,0.0%,0,0,0.0%,0,0.0%,0,0,0.0%,0,0.0%,0,0,0.0%,0,0.0%,0,0,0.0%,0,0.0%,1,1,100.0%,1,100.0%,0,0,0.0%,0,0.0%,1,1,100.0%,1,100.0%,47,37,78.7%,38,80.9%,25,23,92.0%,23,92.0%,22,14,63.6%,15,68.2%,50,44,88.0%,44,88.0%,19,18,94.7%,18,94.7%,31,26,83.9%,26,83.9%,0,0,0.0%,0,0.0%,0,0,0.0%,0,0.0%,0,0,0.0%,0,0.0%,2,1,50.0%,1,50.0%,2,1,50.0%,1,50.0%,0,0,0.0%,0,0.0%
WELD,3085,EATON RE-2,101,90,89.1%,94,93.1%,45,41,91.1%,41,91.1%,56,49,87.5%,53,94.6%,0,0,0.0%,0,0.0%,0,0,0.0%,0,0.0%,0,0,0.0%,0,0.0%,0,0,0.0%,0,0.0%,0,0,0.0%,0,0.0%,0,0,0.0%,0,0.0%,1,1,100.0%,1,100.0%,0,0,0.0%,0,0.0%,1,1,100.0%,1,100.0%,16,15,93.8%,15,93.8%,9,8,88.9%,8,88.9%,7,7,100.0%,7,100.0%,84,74,88.1%,78,92.9%,36,33,91.7%,33,91.7%,48,41,85.4%,45,93.8%,0,0,0.0%,0,0.0%,0,0,0.0%,0,0.0%,0,0,0.0%,0,0.0%,0,0,0.0%,0,0.0%,0,0,0.0%,0,0.0%,0,0,0.0%,0,0.0%
WELD,3090,KEENESBURG RE-3(J),142,120,84.5%,122,85.9%,66,59,89.4%,59,89.4%,76,61,80.3%,63,82.9%,2,2,100.0%,2,100.0%,0,0,0.0%,0,0.0%,2,2,100.0%,2,100.0%,1,1,100.0%,1,100.0%,1,1,100.0%,1,100.0%,0,0,0.0%,0,0.0%,1,1,100.0%,1,100.0%,1,1,100.0%,1,100.0%,0,0,0.0%,0,0.0%,44,39,88.6%,40,90.9%,20,19,95.0%,19,95.0%,24,20,83.3%,21,87.5%,91,74,81.3%,75,82.4%,42,36,85.7%,36,85.7%,49,38,77.6%,39,79.6%,1,1,100.0%,1,100.0%,0,0,0.0%,0,0.0%,1,1,100.0%,1,100.0%,2,2,100.0%,2,100.0%,2,2,100.0%,2,100.0%,0,0,0.0%,0,0.0%
WELD,3100,WINDSOR RE-4,278,256,92.1%,262,94.2%,123,119,96.7%,120,97.6%,155,137,88.4%,142,91.6%,2,2,100.0%,2,100.0%,1,1,100.0%,1,100.0%,1,1,100.0%,1,100.0%,3,3,100.0%,3,100.0%,2,2,100.0%,2,100.0%,1,1,100.0%,1,100.0%,1,1,100.0%,1,100.0%,0,0,0.0%,0,0.0%,1,1,100.0%,1,100.0%,34,32,94.1%,33,97.1%,19,18,94.7%,19,100.0%,15,14,93.3%,14,93.3%,235,216,91.9%,221,94.0%,101,98,97.0%,98,97.0%,134,118,88.1%,123,91.8%,0,0,0.0%,0,0.0%,0,0,0.0%,0,0.0%,0,0,0.0%,0,0.0%,3,2,66.7%,2,66.7%,0,0,0.0%,0,0.0%,3,2,66.7%,2,66.7%
WELD,3110,JOHNSTOWN-MILLIKEN RE-5J,177,142,80.2%,146,82.5%,78,67,85.9%,68,87.2%,99,75,75.8%,78,78.8%,0,0,0.0%,0,0.0%,0,0,0.0%,0,0.0%,0,0,0.0%,0,0.0%,0,0,0.0%,0,0.0%,0,0,0.0%,0,0.0%,0,0,0.0%,0,0.0%,2,2,100.0%,2,100.0%,1,1,100.0%,1,100.0%,1,1,100.0%,1,100.0%,54,42,77.8%,43,79.6%,23,18,78.3%,18,78.3%,31,24,77.4%,25,80.6%,120,97,80.8%,100,83.3%,54,48,88.9%,49,90.7%,66,49,74.2%,51,77.3%,0,0,0.0%,0,0.0%,0,0,0.0%,0,0.0%,0,0,0.0%,0,0.0%,1,1,100.0%,1,100.0%,0,0,0.0%,0,0.0%,1,1,100.0%,1,100.0%
WELD,3120,GREELEY 6,"1,289","1,030",79.9%,"1,052",81.6%,619,534,86.3%,544,87.9%,670,496,74.0%,508,75.8%,8,7,87.5%,7,87.5%,1,1,100.0%,1,100.0%,7,6,85.7%,6,85.7%,18,9,50.0%,9,50.0%,7,6,85.7%,6,85.7%,11,3,27.3%,3,27.3%,45,34,75.6%,34,75.6%,25,20,80.0%,20,80.0%,20,14,70.0%,14,70.0%,716,545,76.1%,558,77.9%,350,292,83.4%,296,84.6%,366,253,69.1%,262,71.6%,483,416,86.1%,425,88.0%,231,210,90.9%,216,93.5%,252,206,81.7%,209,82.9%,4,4,100.0%,4,100.0%,1,1,100.0%,1,100.0%,3,3,100.0%,3,100.0%,15,15,100.0%,15,100.0%,4,4,100.0%,4,100.0%,11,11,100.0%,11,100.0%
WELD,3130,PLATTE VALLEY RE-7,81,75,92.6%,75,92.6%,38,36,94.7%,36,94.7%,43,39,90.7%,39,90.7%,0,0,0.0%,0,0.0%,0,0,0.0%,0,0.0%,0,0,0.0%,0,0.0%,0,0,0.0%,0,0.0%,0,0,0.0%,0,0.0%,0,0,0.0%,0,0.0%,0,0,0.0%,0,0.0%,0,0,0.0%,0,0.0%,0,0,0.0%,0,0.0%,15,12,80.0%,12,80.0%,8,6,75.0%,6,75.0%,7,6,85.7%,6,85.7%,65,62,95.4%,62,95.4%,29,29,100.0%,29,100.0%,36,33,91.7%,33,91.7%,0,0,0.0%,0,0.0%,0,0,0.0%,0,0.0%,0,0,0.0%,0,0.0%,1,1,100.0%,1,100.0%,1,1,100.0%,1,100.0%,0,0,0.0%,0,0.0%
WELD,3140,WELD COUNTY S/D RE-8,149,111,74.5%,116,77.9%,77,61,79.2%,63,81.8%,72,50,69.4%,53,73.6%,0,0,0.0%,0,0.0%,0,0,0.0%,0,0.0%,0,0,0.0%,0,0.0%,0,0,0.0%,0,0.0%,0,0,0.0%,0,0.0%,0,0,0.0%,0,0.0%,3,2,66.7%,2,66.7%,2,1,50.0%,1,50.0%,1,1,100.0%,1,100.0%,110,79,71.8%,82,74.5%,60,45,75.0%,47,78.3%,50,34,68.0%,35,70.0%,35,29,82.9%,31,88.6%,15,15,100.0%,15,100.0%,20,14,70.0%,16,80.0%,0,0,0.0%,0,0.0%,0,0,0.0%,0,0.0%,0,0,0.0%,0,0.0%,1,1,100.0%,1,100.0%,0,0,0.0%,0,0.0%,1,1,100.0%,1,100.0%
WELD,3145,AULT-HIGHLAND RE-9,62,51,82.3%,53,85.5%,25,22,88.0%,24,96.0%,37,29,78.4%,29,78.4%,0,0,0.0%,0,0.0%,0,0,0.0%,0,0.0%,0,0,0.0%,0,0.0%,1,1,100.0%,1,100.0%,0,0,0.0%,0,0.0%,1,1,100.0%,1,100.0%,0,0,0.0%,0,0.0%,0,0,0.0%,0,0.0%,0,0,0.0%,0,0.0%,23,16,69.6%,17,73.9%,7,5,71.4%,6,85.7%,16,11,68.8%,11,68.8%,37,33,89.2%,34,91.9%,18,17,94.4%,18,100.0%,19,16,84.2%,16,84.2%,0,0,0.0%,0,0.0%,0,0,0.0%,0,0.0%,0,0,0.0%,0,0.0%,1,1,100.0%,1,100.0%,0,0,0.0%,0,0.0%,1,1,100.0%,1,100.0%
WELD,3146,BRIGGSDALE RE-10,12,12,100.0%,12,100.0%,5,5,100.0%,5,100.0%,7,7,100.0%,7,100.0%,0,0,0.0%,0,0.0%,0,0,0.0%,0,0.0%,0,0,0.0%,0,0.0%,0,0,0.0%,0,0.0%,0,0,0.0%,0,0.0%,0,0,0.0%,0,0.0%,0,0,0.0%,0,0.0%,0,0,0.0%,0,0.0%,0,0,0.0%,0,0.0%,0,0,0.0%,0,0.0%,0,0,0.0%,0,0.0%,0,0,0.0%,0,0.0%,12,12,100.0%,12,100.0%,5,5,100.0%,5,100.0%,7,7,100.0%,7,100.0%,0,0,0.0%,0,0.0%,0,0,0.0%,0,0.0%,0,0,0.0%,0,0.0%,0,0,0.0%,0,0.0%,0,0,0.0%,0,0.0%,0,0,0.0%,0,0.0%
WELD,3147,PRAIRIE RE-11,11,11,100.0%,11,100.0%,8,8,100.0%,8,100.0%,3,3,100.0%,3,100.0%,0,0,0.0%,0,0.0%,0,0,0.0%,0,0.0%,0,0,0.0%,0,0.0%,0,0,0.0%,0,0.0%,0,0,0.0%,0,0.0%,0,0,0.0%,0,0.0%,0,0,0.0%,0,0.0%,0,0,0.0%,0,0.0%,0,0,0.0%,0,0.0%,0,0,0.0%,0,0.0%,0,0,0.0%,0,0.0%,0,0,0.0%,0,0.0%,11,11,100.0%,11,100.0%,8,8,100.0%,8,100.0%,3,3,100.0%,3,100.0%,0,0,0.0%,0,0.0%,0,0,0.0%,0,0.0%,0,0,0.0%,0,0.0%,0,0,0.0%,0,0.0%,0,0,0.0%,0,0.0%,0,0,0.0%,0,0.0%
WELD,3148,PAWNEE RE-12,9,9,100.0%,9,100.0%,2,2,100.0%,2,100.0%,7,7,100.0%,7,100.0%,0,0,0.0%,0,0.0%,0,0,0.0%,0,0.0%,0,0,0.0%,0,0.0%,0,0,0.0%,0,0.0%,0,0,0.0%,0,0.0%,0,0,0.0%,0,0.0%,0,0,0.0%,0,0.0%,0,0,0.0%,0,0.0%,0,0,0.0%,0,0.0%,1,1,100.0%,1,100.0%,1,1,100.0%,1,100.0%,0,0,0.0%,0,0.0%,8,8,100.0%,8,100.0%,1,1,100.0%,1,100.0%,7,7,100.0%,7,100.0%,0,0,0.0%,0,0.0%,0,0,0.0%,0,0.0%,0,0,0.0%,0,0.0%,0,0,0.0%,0,0.0%,0,0,0.0%,0,0.0%,0,0,0.0%,0,0.0%
YUMA,3200,YUMA 1,60,53,88.3%,54,90.0%,33,29,87.9%,30,90.9%,27,24,88.9%,24,88.9%,0,0,0.0%,0,0.0%,0,0,0.0%,0,0.0%,0,0,0.0%,0,0.0%,0,0,0.0%,0,0.0%,0,0,0.0%,0,0.0%,0,0,0.0%,0,0.0%,0,0,0.0%,0,0.0%,0,0,0.0%,0,0.0%,0,0,0.0%,0,0.0%,25,22,88.0%,22,88.0%,13,12,92.3%,12,92.3%,12,10,83.3%,10,83.3%,35,31,88.6%,32,91.4%,20,17,85.0%,18,90.0%,15,14,93.3%,14,93.3%,0,0,0.0%,0,0.0%,0,0,0.0%,0,0.0%,0,0,0.0%,0,0.0%,0,0,0.0%,0,0.0%,0,0,0.0%,0,0.0%,0,0,0.0%,0,0.0%
YUMA,3210,WRAY RD-2,59,49,83.1%,50,84.7%,32,29,90.6%,29,90.6%,27,20,74.1%,21,77.8%,0,0,0.0%,0,0.0%,0,0,0.0%,0,0.0%,0,0,0.0%,0,0.0%,0,0,0.0%,0,0.0%,0,0,0.0%,0,0.0%,0,0,0.0%,0,0.0%,0,0,0.0%,0,0.0%,0,0,0.0%,0,0.0%,0,0,0.0%,0,0.0%,13,8,61.5%,8,61.5%,6,3,50.0%,3,50.0%,7,5,71.4%,5,71.4%,46,41,89.1%,42,91.3%,26,26,100.0%,26,100.0%,20,15,75.0%,16,80.0%,0,0,0.0%,0,0.0%,0,0,0.0%,0,0.0%,0,0,0.0%,0,0.0%,0,0,0.0%,0,0.0%,0,0,0.0%,0,0.0%,0,0,0.0%,0,0.0%
YUMA,3220,IDALIA RJ-3,10,10,100.0%,10,100.0%,6,6,100.0%,6,100.0%,4,4,100.0%,4,100.0%,1,1,100.0%,1,100.0%,0,0,0.0%,0,0.0%,1,1,100.0%,1,100.0%,0,0,0.0%,0,0.0%,0,0,0.0%,0,0.0%,0,0,0.0%,0,0.0%,0,0,0.0%,0,0.0%,0,0,0.0%,0,0.0%,0,0,0.0%,0,0.0%,0,0,0.0%,0,0.0%,0,0,0.0%,0,0.0%,0,0,0.0%,0,0.0%,9,9,100.0%,9,100.0%,6,6,100.0%,6,100.0%,3,3,100.0%,3,100.0%,0,0,0.0%,0,0.0%,0,0,0.0%,0,0.0%,0,0,0.0%,0,0.0%,0,0,0.0%,0,0.0%,0,0,0.0%,0,0.0%,0,0,0.0%,0,0.0%
YUMA,3230,LIBERTY J-4,4,4,100.0%,4,100.0%,2,2,100.0%,2,100.0%,2,2,100.0%,2,100.0%,0,0,0.0%,0,0.0%,0,0,0.0%,0,0.0%,0,0,0.0%,0,0.0%,0,0,0.0%,0,0.0%,0,0,0.0%,0,0.0%,0,0,0.0%,0,0.0%,0,0,0.0%,0,0.0%,0,0,0.0%,0,0.0%,0,0,0.0%,0,0.0%,1,1,100.0%,1,100.0%,0,0,0.0%,0,0.0%,1,1,100.0%,1,100.0%,3,3,100.0%,3,100.0%,2,2,100.0%,2,100.0%,1,1,100.0%,1,100.0%,0,0,0.0%,0,0.0%,0,0,0.0%,0,0.0%,0,0,0.0%,0,0.0%,0,0,0.0%,0,0.0%,0,0,0.0%,0,0.0%,0,0,0.0%,0,0.0%
NONE,8001,CHARTER SCHOOL INSTITUTE,"1,411",551,39.1%,588,41.7%,760,311,40.9%,333,43.8%,651,240,36.9%,255,39.2%,21,10,47.6%,10,47.6%,12,4,33.3%,4,33.3%,9,6,66.7%,6,66.7%,28,15,53.6%,16,57.1%,12,5,41.7%,6,50.0%,16,10,62.5%,10,62.5%,74,26,35.1%,26,35.1%,42,17,40.5%,17,40.5%,32,9,28.1%,9,28.1%,540,168,31.1%,181,33.5%,321,114,35.5%,120,37.4%,219,54,24.7%,61,27.9%,715,318,44.5%,339,47.4%,353,161,45.6%,174,49.3%,362,157,43.4%,165,45.6%,2,2,100.0%,2,100.0%,1,1,100.0%,1,100.0%,1,1,100.0%,1,100.0%,31,12,38.7%,14,45.2%,19,9,47.4%,11,57.9%,12,3,25.0%,3,25.0%
COLORADO BOCS,9030,MOUNTAIN BOCES,65,42,64.6%,46,70.8%,42,27,64.3%,30,71.4%,23,15,65.2%,16,69.6%,0,0,0.0%,0,0.0%,0,0,0.0%,0,0.0%,0,0,0.0%,0,0.0%,0,0,0.0%,0,0.0%,0,0,0.0%,0,0.0%,0,0,0.0%,0,0.0%,0,0,0.0%,0,0.0%,0,0,0.0%,0,0.0%,0,0,0.0%,0,0.0%,34,17,50.0%,20,58.8%,24,13,54.2%,15,62.5%,10,4,40.0%,5,50.0%,30,24,80.0%,25,83.3%,17,13,76.5%,14,82.4%,13,11,84.6%,11,84.6%,0,0,0.0%,0,0.0%,0,0,0.0%,0,0.0%,0,0,0.0%,0,0.0%,1,1,100.0%,1,100.0%,1,1,100.0%,1,100.0%,0,0,0.0%,0,0.0%
COLORADO BOCS,9035,CENTENNIAL BOCES,91,38,41.8%,42,46.2%,32,15,46.9%,16,50.0%,59,23,39.0%,26,44.1%,0,0,0.0%,0,0.0%,0,0,0.0%,0,0.0%,0,0,0.0%,0,0.0%,0,0,0.0%,0,0.0%,0,0,0.0%,0,0.0%,0,0,0.0%,0,0.0%,5,3,60.0%,3,60.0%,1,0,0.0%,0,0.0%,4,3,75.0%,3,75.0%,39,15,38.5%,16,41.0%,15,8,53.3%,8,53.3%,24,7,29.2%,8,33.3%,47,20,42.6%,23,48.9%,16,7,43.8%,8,50.0%,31,13,41.9%,15,48.4%,0,0,0.0%,0,0.0%,0,0,0.0%,0,0.0%,0,0,0.0%,0,0.0%,0,0,0.0%,0,0.0%,0,0,0.0%,0,0.0%,0,0,0.0%,0,0.0%
COLORADO BOCS,9050,SAN JUAN BOCES,11,3,27.3%,4,36.4%,7,3,42.9%,3,42.9%,4,0,0.0%,1,25.0%,0,0,0.0%,0,0.0%,0,0,0.0%,0,0.0%,0,0,0.0%,0,0.0%,0,0,0.0%,0,0.0%,0,0,0.0%,0,0.0%,0,0,0.0%,0,0.0%,0,0,0.0%,0,0.0%,0,0,0.0%,0,0.0%,0,0,0.0%,0,0.0%,2,0,0.0%,0,0.0%,2,0,0.0%,0,0.0%,0,0,0.0%,0,0.0%,9,3,33.3%,4,44.4%,5,3,60.0%,3,60.0%,4,0,0.0%,1,25.0%,0,0,0.0%,0,0.0%,0,0,0.0%,0,0.0%,0,0,0.0%,0,0.0%,0,0,0.0%,0,0.0%,0,0,0.0%,0,0.0%,0,0,0.0%,0,0.0%
COLORADO BOCS,9130,EXPEDITIONARY BOCES,25,22,88.0%,22,88.0%,15,13,86.7%,13,86.7%,10,9,90.0%,9,90.0%,1,1,100.0%,1,100.0%,1,1,100.0%,1,100.0%,0,0,0.0%,0,0.0%,2,2,100.0%,2,100.0%,0,0,0.0%,0,0.0%,2,2,100.0%,2,100.0%,1,1,100.0%,1,100.0%,0,0,0.0%,0,0.0%,1,1,100.0%,1,100.0%,2,0,0.0%,0,0.0%,1,0,0.0%,0,0.0%,1,0,0.0%,0,0.0%,19,18,94.7%,18,94.7%,13,12,92.3%,12,92.3%,6,6,100.0%,6,100.0%,0,0,0.0%,0,0.0%,0,0,0.0%,0,0.0%,0,0,0.0%,0,0.0%,0,0,0.0%,0,0.0%,0,0,0.0%,0,0.0%,0,0,0.0%,0,0.0%
,9999,STATE TOTALS,"60,777","46,756",76.9%,"48,350",79.6%,"29,595","23,932",80.9%,"24,560",83.0%,"31,182","22,824",73.2%,"23,790",76.3%,596,366,61.4%,387,64.9%,290,189,65.2%,197,67.9%,306,177,57.8%,190,62.1%,"1,955","1,680",85.9%,"1,700",87.0%,981,883,90.0%,893,91.0%,974,797,81.8%,807,82.9%,"3,119","2,168",69.5%,"2,240",71.8%,"1,492","1,097",73.5%,"1,133",75.9%,"1,627","1,071",65.8%,"1,107",68.0%,"17,333","11,332",65.4%,"11,786",68.0%,"8,379","5,880",70.2%,"6,057",72.3%,"8,954","5,452",60.9%,"5,729",64.0%,"35,942","29,769",82.8%,"30,742",85.5%,"17,545","15,124",86.2%,"15,503",88.4%,"18,397","14,645",79.6%,"15,239",82.8%,159,120,75.5%,122,76.7%,80,64,80.0%,65,81.3%,79,56,70.9%,57,72.2%,"1,673","1,321",79.0%,"1,373",82.1%,828,695,83.9%,712,86.0%,845,626,74.1%,661,78.2%